coin,model,period,month,ic
hype,pooled,research,2025-12,0.054346
hype,pooled,research,2026-01,0.000945
hype,pooled,research,2026-02,0.050119
hype,pooled,research,2026-03,0.028257
hype,pooled,research,2026-04,0.034232
hype,pooled,research,2026-05,0.01614
trx,pooled,research,2025-12,-0.00957
trx,pooled,research,2026-01,-0.026617
trx,pooled,research,2026-02,-0.010798
trx,pooled,research,2026-03,-0.027332
trx,pooled,research,2026-04,0.030163
trx,pooled,research,2026-05,-0.001693
doge,pooled,research,2025-12,0.030304
doge,pooled,research,2026-01,0.035716
doge,pooled,research,2026-02,0.071583
doge,pooled,research,2026-03,0.063806
doge,pooled,research,2026-04,0.033256
doge,pooled,research,2026-05,0.031286
uni,pooled,research,2025-12,0.03398
uni,pooled,research,2026-01,0.035935
uni,pooled,research,2026-02,0.073476
uni,pooled,research,2026-03,0.088403
uni,pooled,research,2026-04,0.048644
uni,pooled,research,2026-05,0.008574
aave,pooled,research,2025-12,0.050565
aave,pooled,research,2026-01,0.027958
aave,pooled,research,2026-02,0.050244
aave,pooled,research,2026-03,0.074558
aave,pooled,research,2026-04,0.022186
aave,pooled,research,2026-05,0.022125
hype,per_coin,research,2025-12,0.0412
hype,per_coin,research,2026-01,-0.002026
hype,per_coin,research,2026-02,0.057791
hype,per_coin,research,2026-03,0.051999
hype,per_coin,research,2026-04,0.033317
hype,per_coin,research,2026-05,0.006892
trx,per_coin,research,2025-12,-0.01647
trx,per_coin,research,2026-01,-0.006825
trx,per_coin,research,2026-02,0.015177
trx,per_coin,research,2026-03,-0.066563
trx,per_coin,research,2026-04,-0.027576
trx,per_coin,research,2026-05,0.0056
doge,per_coin,research,2025-12,0.028249
doge,per_coin,research,2026-01,0.003336
doge,per_coin,research,2026-02,0.074888
doge,per_coin,research,2026-03,0.064259
doge,per_coin,research,2026-04,0.024513
doge,per_coin,research,2026-05,0.026599
uni,per_coin,research,2025-12,0.036807
uni,per_coin,research,2026-01,0.047223
uni,per_coin,research,2026-02,0.088061
uni,per_coin,research,2026-03,0.094072
uni,per_coin,research,2026-04,0.046897
uni,per_coin,research,2026-05,0.020083
aave,per_coin,research,2025-12,0.057074
aave,per_coin,research,2026-01,0.015398
aave,per_coin,research,2026-02,0.052037
aave,per_coin,research,2026-03,0.067209
aave,per_coin,research,2026-04,0.015885
aave,per_coin,research,2026-05,0.018999
hype,pooled,forward,2026-06,0.05362
hype,pooled,forward,2026-07,0.039634
hype,pooled,forward,2026-08,0.036709
trx,pooled,forward,2026-06,-0.01781
trx,pooled,forward,2026-07,0.017259
trx,pooled,forward,2026-08,0.007897
doge,pooled,forward,2026-06,0.052255
doge,pooled,forward,2026-07,0.024961
doge,pooled,forward,2026-08,0.029256
uni,pooled,forward,2026-06,0.038376
uni,pooled,forward,2026-07,0.015495
uni,pooled,forward,2026-08,0.032876
aave,pooled,forward,2026-06,0.043824
aave,pooled,forward,2026-07,0.030971
aave,pooled,forward,2026-08,0.019233
hype,per_coin,forward,2026-06,0.058803
hype,per_coin,forward,2026-07,0.0468
hype,per_coin,forward,2026-08,0.020837
trx,per_coin,forward,2026-06,0.013953
trx,per_coin,forward,2026-07,0.029326
trx,per_coin,forward,2026-08,0.010338
doge,per_coin,forward,2026-06,0.045516
doge,per_coin,forward,2026-07,0.023451
doge,per_coin,forward,2026-08,0.035997
uni,per_coin,forward,2026-06,0.049292
uni,per_coin,forward,2026-07,0.003296
uni,per_coin,forward,2026-08,0.03306
aave,per_coin,forward,2026-06,0.044069
aave,per_coin,forward,2026-07,0.026579
aave,per_coin,forward,2026-08,0.025601
