coin,period,pooled_model_ic,per_coin_ic,diff,se,t,sigma_bps
hype,research,0.030333,0.031086,-0.000753,0.004414,-0.170532,65.063531
trx,research,-0.007797,-0.016562,0.008765,0.010614,0.825789,20.730393
doge,research,0.043937,0.036417,0.007519,0.004352,1.727685,52.282362
uni,research,0.047749,0.055035,-0.007286,0.003731,-1.953028,62.192723
aave,research,0.04123,0.037652,0.003578,0.004269,0.83815,52.040215
pooled,research,0.03109,0.028726,0.002365,0.003017,0.783779,
hype,forward,0.043209,0.041966,0.001244,0.007522,0.165347,65.063531
trx,forward,0.002669,0.017915,-0.015246,0.013734,-1.110098,20.730393
doge,forward,0.035308,0.034874,0.000435,0.003059,0.142101,52.282362
uni,forward,0.028813,0.028324,0.000489,0.004513,0.108275,62.192723
aave,forward,0.031207,0.031953,-0.000746,0.003054,-0.244173,52.040215
pooled,forward,0.028241,0.031006,-0.002765,0.002707,-1.021409,
