coin,policy,ic,se,t
hype,expanding,0.021698,0.007097,3.057553
hype,fixed,0.023959,0.008078,2.966007
hype,rolling_3m,0.01825,0.00628,2.906122
trx,expanding,-0.002925,0.007292,-0.401141
trx,fixed,-0.013053,0.009421,-1.385475
trx,rolling_3m,0.01702,0.010336,1.646632
doge,expanding,0.067169,0.007729,8.690657
doge,fixed,0.067192,0.007406,9.073148
doge,rolling_3m,0.062134,0.008769,7.085395
uni,expanding,0.057348,0.007362,7.789523
uni,fixed,0.059321,0.007553,7.853886
uni,rolling_3m,0.045829,0.006605,6.93894
aave,expanding,0.046302,0.007777,5.953583
aave,fixed,0.050282,0.007932,6.338897
aave,rolling_3m,0.0326,0.007682,4.243877
