coin,policy,month,research_month,ic
hype,expanding,2025-12,1,0.039782
hype,expanding,2026-01,2,0.009112
hype,expanding,2026-02,3,0.030728
hype,expanding,2026-03,4,0.016287
hype,expanding,2026-04,5,0.018095
hype,expanding,2026-05,6,0.016942
hype,fixed,2025-12,1,0.042764
hype,fixed,2026-01,2,0.009383
hype,fixed,2026-02,3,0.009887
hype,fixed,2026-03,4,0.052566
hype,fixed,2026-04,5,0.012755
hype,fixed,2026-05,6,0.014677
hype,rolling_3m,2025-12,1,0.021349
hype,rolling_3m,2026-01,2,0.020816
hype,rolling_3m,2026-02,3,0.024661
hype,rolling_3m,2026-03,4,0.016038
hype,rolling_3m,2026-04,5,0.018937
hype,rolling_3m,2026-05,6,0.008341
trx,expanding,2025-12,1,-0.020454
trx,expanding,2026-01,2,-0.00929
trx,expanding,2026-02,3,0.021797
trx,expanding,2026-03,4,-0.000868
trx,expanding,2026-04,5,-0.010388
trx,expanding,2026-05,6,0.003803
trx,fixed,2025-12,1,-0.020202
trx,fixed,2026-01,2,-0.004753
trx,fixed,2026-02,3,-0.0355
trx,fixed,2026-03,4,-0.034002
trx,fixed,2026-04,5,-0.001945
trx,fixed,2026-05,6,0.016272
trx,rolling_3m,2025-12,1,-0.014932
trx,rolling_3m,2026-01,2,0.017217
trx,rolling_3m,2026-02,3,0.050895
trx,rolling_3m,2026-03,4,0.051237
trx,rolling_3m,2026-04,5,-0.020434
trx,rolling_3m,2026-05,6,0.020208
doge,expanding,2025-12,1,0.038805
doge,expanding,2026-01,2,0.084563
doge,expanding,2026-02,3,0.116576
doge,expanding,2026-03,4,0.066837
doge,expanding,2026-04,5,0.042103
doge,expanding,2026-05,6,0.058101
doge,fixed,2025-12,1,0.044122
doge,fixed,2026-01,2,0.077818
doge,fixed,2026-02,3,0.115699
doge,fixed,2026-03,4,0.073097
doge,fixed,2026-04,5,0.044226
doge,fixed,2026-05,6,0.052143
doge,rolling_3m,2025-12,1,0.039112
doge,rolling_3m,2026-01,2,0.085152
doge,rolling_3m,2026-02,3,0.117297
doge,rolling_3m,2026-03,4,0.067622
doge,rolling_3m,2026-04,5,0.008514
doge,rolling_3m,2026-05,6,0.058713
uni,expanding,2025-12,1,0.039128
uni,expanding,2026-01,2,0.075453
uni,expanding,2026-02,3,0.073243
uni,expanding,2026-03,4,0.094562
uni,expanding,2026-04,5,0.043407
uni,expanding,2026-05,6,0.019382
uni,fixed,2025-12,1,0.048381
uni,fixed,2026-01,2,0.075649
uni,fixed,2026-02,3,0.072391
uni,fixed,2026-03,4,0.102219
uni,fixed,2026-04,5,0.039986
uni,fixed,2026-05,6,0.017943
uni,rolling_3m,2025-12,1,0.040555
uni,rolling_3m,2026-01,2,0.023676
uni,rolling_3m,2026-02,3,0.039992
uni,rolling_3m,2026-03,4,0.097147
uni,rolling_3m,2026-04,5,0.04473
uni,rolling_3m,2026-05,6,0.028272
aave,expanding,2025-12,1,0.025463
aave,expanding,2026-01,2,0.063715
aave,expanding,2026-02,3,0.071539
aave,expanding,2026-03,4,0.072197
aave,expanding,2026-04,5,0.020098
aave,expanding,2026-05,6,0.026398
aave,fixed,2025-12,1,0.028048
aave,fixed,2026-01,2,0.072022
aave,fixed,2026-02,3,0.068158
aave,fixed,2026-03,4,0.077272
aave,fixed,2026-04,5,0.019515
aave,fixed,2026-05,6,0.037414
aave,rolling_3m,2025-12,1,0.007383
aave,rolling_3m,2026-01,2,0.028049
aave,rolling_3m,2026-02,3,0.054314
aave,rolling_3m,2026-03,4,0.064306
aave,rolling_3m,2026-04,5,0.018921
aave,rolling_3m,2026-05,6,0.024289
