coin,horizon,family,ic,se,t,days,hit_rate,oos_r2,gross,funding,turnover,breakeven_bps,detected
hype,4,momentum,0.030401,0.006773,4.488318,182,0.511009,0.001376,0.979831,-0.003073,13376.5,0.734799,True
hype,4,best_feature,0.021698,0.007097,3.057553,182,0.510494,0.000558,0.398841,-0.003855,7151.0,0.563133,False
hype,4,ridge,0.031086,0.008319,3.736532,182,0.516466,0.000747,1.247258,-0.003024,7929.0,1.576846,True
hype,4,lightgbm,0.02149,0.007071,3.038915,182,0.506469,0.000444,0.325511,-0.001594,7313.0,0.447293,False
hype,12,momentum,0.032654,0.01246,2.62078,182,0.516335,0.001143,0.67741,-0.001864,4510.666667,1.505928,False
hype,12,best_feature,0.019159,0.015099,1.268905,182,0.512156,-0.00041,0.111878,-0.00434,2344.666667,0.495668,False
hype,12,ridge,0.028277,0.015419,1.833871,182,0.514903,0.000509,0.711514,-0.002447,3137.0,2.275934,False
hype,12,lightgbm,0.016148,0.011264,1.433543,182,0.502374,-0.000925,0.26762,-0.003092,2147.833333,1.260395,False
hype,36,momentum,0.003882,0.018703,0.207577,182,0.506586,-0.001232,-0.305329,-0.004325,1474.722222,-2.041093,False
hype,36,best_feature,0.019002,0.019469,0.976032,182,0.512677,-0.002036,0.266688,-0.004758,1073.388889,2.528871,False
hype,36,ridge,0.014502,0.021623,0.670673,182,0.508553,-1.1e-05,0.1622,-0.001594,1203.833333,1.360597,False
hype,36,lightgbm,-0.018552,0.019605,-0.946314,182,0.49645,-0.00435,-0.172227,-0.001706,704.555556,-2.420271,False
hype,72,momentum,-0.01328,0.031911,-0.416153,182,0.500459,-0.005333,-0.22749,-0.004206,726.055556,-3.075307,False
hype,72,best_feature,0.012124,0.027978,0.433344,182,0.502636,-0.005239,0.089402,-0.00314,741.333333,1.248317,False
hype,72,ridge,-0.012861,0.030179,-0.426151,182,0.497612,-0.003262,-0.159489,-0.001291,672.638889,-2.3519,False
hype,72,lightgbm,0.003228,0.035632,0.090585,182,0.503298,-0.004227,0.220085,0.002495,476.694444,4.564567,False
trx,4,momentum,0.003726,0.009557,0.389866,182,0.496737,0.001353,0.105826,0.002483,13098.0,0.0789,False
trx,4,best_feature,-0.002925,0.007292,-0.401141,182,0.501202,0.000823,0.071453,0.004789,1338.0,0.498237,False
trx,4,ridge,-0.016562,0.010061,-1.64614,182,0.494162,0.001201,-0.055467,-0.004284,6525.0,-0.078442,False
trx,4,lightgbm,0.008196,0.008448,0.970105,182,0.504659,0.001649,0.114927,-9.4e-05,6266.5,0.183549,False
trx,12,momentum,-0.002715,0.011106,-0.244422,182,0.501069,0.00203,-0.137898,-0.00656,4376.166667,-0.300121,False
trx,12,best_feature,-0.00777,0.01313,-0.591769,182,0.499103,-0.000861,-0.058036,-0.01139,2351.666667,-0.198355,False
trx,12,ridge,-0.010005,0.014034,-0.712917,182,0.495382,0.001608,-0.080124,-0.008934,2776.166667,-0.256435,False
trx,12,lightgbm,-0.014622,0.014367,-1.01776,182,0.501899,-0.002412,-0.028331,-0.009485,2050.333333,-0.091917,False
trx,36,momentum,-0.023302,0.026358,-0.884056,182,0.488297,0.002668,-0.112411,0.008164,1418.333333,-0.850117,False
trx,36,best_feature,-0.023264,0.022343,-1.041212,182,0.49769,-0.003425,-0.051694,-0.006138,1045.666667,-0.435666,False
trx,36,ridge,-0.016025,0.020552,-0.779747,182,0.500363,0.00258,-0.044471,-0.001023,1084.444444,-0.400641,False
trx,36,lightgbm,-0.012621,0.024777,-0.50936,182,0.508222,-0.005102,0.063357,0.003187,714.666667,0.841928,False
trx,72,momentum,-0.01783,0.028831,-0.618422,182,0.496523,0.003214,-0.142538,-0.031318,721.361111,-1.541798,False
trx,72,best_feature,-0.028771,0.029698,-0.968815,182,0.49765,-0.001593,-0.052517,-0.005537,382.777778,-1.227332,False
trx,72,ridge,-0.006048,0.025022,-0.241728,182,0.506591,0.005307,0.078298,0.000606,585.916667,1.326006,False
trx,72,lightgbm,-0.028093,0.032628,-0.861029,182,0.49151,-0.042054,-0.050476,-0.006564,359.027778,-1.223091,False
doge,4,momentum,0.067169,0.007729,8.690657,182,0.532683,0.00205,1.088166,0.000549,13915.0,0.781615,True
doge,4,best_feature,0.067169,0.007729,8.690657,182,0.532683,0.00205,1.088166,0.000549,13915.0,0.781615,True
doge,4,ridge,0.036417,0.007205,5.05428,182,0.51824,0.001191,-0.211141,0.000616,8450.5,-0.250585,True
doge,4,lightgbm,0.040604,0.006336,6.408202,182,0.52355,0.000866,0.447478,0.003388,10926.0,0.406453,True
doge,12,momentum,0.026667,0.010792,2.471001,182,0.519979,0.000488,-0.108054,0.000785,4536.666667,-0.23991,False
doge,12,best_feature,0.013166,0.013483,0.976504,182,0.508091,-0.000326,-0.092198,-0.001043,3792.0,-0.240387,False
doge,12,ridge,0.008904,0.010345,0.860682,182,0.507881,-0.000218,-0.500896,-0.001409,3430.166667,-1.456158,False
doge,12,lightgbm,-0.012624,0.014552,-0.867456,182,0.49683,-0.002254,-0.697174,-0.002564,1962.0,-3.540315,False
doge,36,momentum,0.010151,0.025453,0.398805,182,0.496869,-0.000346,0.317249,0.00301,1462.611111,2.148476,False
doge,36,best_feature,-0.003659,0.016797,-0.217816,182,0.495685,-0.001589,0.37846,0.002849,1145.666667,3.278539,False
doge,36,ridge,-0.026239,0.015391,-1.70478,182,0.493165,-0.004008,-0.275429,9.5e-05,1185.777778,-2.323576,False
doge,36,lightgbm,0.000374,0.026879,0.013904,182,0.496187,-0.011253,-0.596102,-0.001175,510.5,-11.653815,False
doge,72,momentum,0.010654,0.028498,0.373846,182,0.514128,-0.000292,-0.229491,-0.010415,748.444444,-2.927081,False
doge,72,best_feature,0.03291,0.022798,1.443525,182,0.514386,-0.000583,0.397814,0.000718,557.888889,7.117822,False
doge,72,ridge,-0.034559,0.019401,-1.781322,182,0.482787,-0.003865,-0.185685,-0.001915,658.694444,-2.789915,False
doge,72,lightgbm,-0.035295,0.026199,-1.347215,182,0.477056,-0.016248,-0.748758,-0.003398,212.833333,-35.020825,False
uni,4,momentum,0.057348,0.007362,7.789523,182,0.525242,0.002242,1.250235,-0.001048,13742.0,0.910554,True
uni,4,best_feature,0.057348,0.007362,7.789523,182,0.525242,0.002242,1.250235,-0.001048,13742.0,0.910554,True
uni,4,ridge,0.055035,0.007352,7.486052,182,0.523811,0.002743,0.996579,-0.000229,10051.0,0.99175,True
uni,4,lightgbm,0.056234,0.007019,8.011447,182,0.52259,0.002645,1.21055,0.000256,10431.5,1.16023,True
uni,12,momentum,0.041014,0.009948,4.122867,182,0.521659,0.001571,0.362757,-0.000299,4554.833333,0.797078,True
uni,12,best_feature,0.022809,0.010015,2.277492,182,0.512423,0.000426,0.058108,-0.000901,3753.166667,0.157225,False
uni,12,ridge,0.035153,0.010118,3.474164,182,0.515648,0.001463,0.131603,-0.000439,3459.333333,0.381697,True
uni,12,lightgbm,0.024042,0.014311,1.679917,182,0.510006,-0.001952,-0.107745,0.00168,2019.833333,-0.541752,False
uni,36,momentum,0.000744,0.018685,0.039808,182,0.490855,0.001133,0.76373,0.00374,1482.444444,5.126601,False
uni,36,best_feature,0.038247,0.019146,1.99762,182,0.517965,-0.000587,0.57086,-0.001993,689.333333,8.310243,False
uni,36,ridge,0.013987,0.018679,0.748847,182,0.504754,0.00143,-0.005368,-0.00023,1125.0,-0.045677,False
uni,36,lightgbm,0.029855,0.025875,1.153814,182,0.512316,0.002011,-0.150029,0.002149,567.555556,-2.681292,False
uni,72,momentum,0.017832,0.021373,0.834331,182,0.513755,0.002078,-0.001009,-0.008582,749.916667,0.10099,False
uni,72,best_feature,0.017802,0.02495,0.713534,182,0.507623,0.002808,-0.174557,0.000101,593.166667,-2.944506,False
uni,72,ridge,0.010223,0.02379,0.4297,182,0.497765,0.001116,-0.426365,-0.004026,609.388889,-6.930533,False
uni,72,lightgbm,0.026923,0.032098,0.838764,182,0.511691,-0.008192,-0.360763,0.003452,271.0,-13.439667,False
aave,4,momentum,0.050226,0.007994,6.282806,182,0.523002,0.001375,1.275302,0.00049,13705.0,0.93018,True
aave,4,best_feature,0.046302,0.007777,5.953583,182,0.521846,0.001292,1.003284,0.000265,13764.0,0.728726,True
aave,4,ridge,0.037652,0.007075,5.321535,182,0.515168,0.000587,0.900242,4.5e-05,9574.0,0.940252,True
aave,4,lightgbm,0.017777,0.007544,2.356389,182,0.508697,-0.000479,0.051576,0.003595,9743.0,0.049247,False
aave,12,momentum,0.025633,0.01015,2.525441,182,0.515495,0.00094,0.103541,-0.001024,4499.0,0.232418,False
aave,12,best_feature,-0.004671,0.010553,-0.442649,182,0.501737,-0.001379,-0.602156,0.002562,1432.0,-4.222894,False
aave,12,ridge,0.021533,0.011255,1.91317,182,0.50603,5.6e-05,0.200797,-0.000874,2580.5,0.781518,False
aave,12,lightgbm,0.00089,0.014421,0.061693,182,0.501287,-0.001749,-0.183055,0.000197,1737.0,-1.054992,False
aave,36,momentum,0.009413,0.018724,0.502724,182,0.508457,0.000843,-0.297182,-0.003483,1481.166667,-1.982886,False
aave,36,best_feature,-0.012612,0.019065,-0.661534,182,0.492631,-0.004213,-0.118331,-0.000168,748.888889,-1.577854,False
aave,36,ridge,0.014352,0.017964,0.798919,182,0.507751,-0.000913,-0.034031,-0.001638,1001.0,-0.323605,False
aave,36,lightgbm,-0.022508,0.017526,-1.28429,182,0.494922,-0.010135,-0.931219,-0.000268,717.666667,-12.971908,False
aave,72,momentum,0.035369,0.025744,1.37386,182,0.518283,0.002347,-0.027356,-0.008127,755.611111,-0.254487,False
aave,72,best_feature,-0.003999,0.032887,-0.121595,182,0.495396,-0.003072,-0.335402,0.001926,439.055556,-7.683023,False
aave,72,ridge,0.00253,0.020871,0.121226,182,0.49958,-0.005895,-0.02943,-0.004832,594.083333,-0.414061,False
aave,72,lightgbm,-0.001094,0.028504,-0.038398,182,0.490277,-0.005371,-0.29651,0.001833,367.611111,-8.11573,False
