coin,horizon,family,month,ic
hype,4,momentum,2025-12,0.052145
hype,4,momentum,2026-01,0.035576
hype,4,momentum,2026-02,0.031211
hype,4,momentum,2026-03,0.016146
hype,4,momentum,2026-04,0.034965
hype,4,momentum,2026-05,0.012587
hype,4,best_feature,2025-12,0.039782
hype,4,best_feature,2026-01,0.009112
hype,4,best_feature,2026-02,0.030728
hype,4,best_feature,2026-03,0.016287
hype,4,best_feature,2026-04,0.018095
hype,4,best_feature,2026-05,0.016942
hype,4,ridge,2025-12,0.0412
hype,4,ridge,2026-01,-0.002026
hype,4,ridge,2026-02,0.057791
hype,4,ridge,2026-03,0.051999
hype,4,ridge,2026-04,0.033317
hype,4,ridge,2026-05,0.006892
hype,4,lightgbm,2025-12,0.032211
hype,4,lightgbm,2026-01,0.006327
hype,4,lightgbm,2026-02,0.0313
hype,4,lightgbm,2026-03,0.02683
hype,4,lightgbm,2026-04,0.012266
hype,4,lightgbm,2026-05,0.020656
hype,12,momentum,2025-12,0.028763
hype,12,momentum,2026-01,-0.005861
hype,12,momentum,2026-02,0.042173
hype,12,momentum,2026-03,0.085017
hype,12,momentum,2026-04,0.028667
hype,12,momentum,2026-05,0.017957
hype,12,best_feature,2025-12,0.017252
hype,12,best_feature,2026-01,-0.018271
hype,12,best_feature,2026-02,0.003081
hype,12,best_feature,2026-03,0.092303
hype,12,best_feature,2026-04,0.021102
hype,12,best_feature,2026-05,-0.002005
hype,12,ridge,2025-12,0.027093
hype,12,ridge,2026-01,-0.019422
hype,12,ridge,2026-02,0.088319
hype,12,ridge,2026-03,0.101878
hype,12,ridge,2026-04,0.006596
hype,12,ridge,2026-05,-0.029689
hype,12,lightgbm,2025-12,0.01764
hype,12,lightgbm,2026-01,-0.009748
hype,12,lightgbm,2026-02,0.012609
hype,12,lightgbm,2026-03,0.042066
hype,12,lightgbm,2026-04,-0.005664
hype,12,lightgbm,2026-05,0.03894
hype,36,momentum,2025-12,0.01398
hype,36,momentum,2026-01,-0.038238
hype,36,momentum,2026-02,0.041114
hype,36,momentum,2026-03,0.067371
hype,36,momentum,2026-04,0.000571
hype,36,momentum,2026-05,-0.058009
hype,36,best_feature,2025-12,0.047443
hype,36,best_feature,2026-01,-0.049357
hype,36,best_feature,2026-02,0.072264
hype,36,best_feature,2026-03,0.065109
hype,36,best_feature,2026-04,-0.027004
hype,36,best_feature,2026-05,0.009229
hype,36,ridge,2025-12,0.024366
hype,36,ridge,2026-01,-0.03052
hype,36,ridge,2026-02,0.1234
hype,36,ridge,2026-03,0.068495
hype,36,ridge,2026-04,-0.039639
hype,36,ridge,2026-05,-0.0503
hype,36,lightgbm,2025-12,-0.015189
hype,36,lightgbm,2026-01,-0.053917
hype,36,lightgbm,2026-02,-0.046831
hype,36,lightgbm,2026-03,0.058468
hype,36,lightgbm,2026-04,-0.038629
hype,36,lightgbm,2026-05,-0.018601
hype,72,momentum,2025-12,0.081579
hype,72,momentum,2026-01,-0.08894
hype,72,momentum,2026-02,0.072811
hype,72,momentum,2026-03,0.089762
hype,72,momentum,2026-04,-0.058122
hype,72,momentum,2026-05,-0.169883
hype,72,best_feature,2025-12,0.091091
hype,72,best_feature,2026-01,-0.088889
hype,72,best_feature,2026-02,0.075727
hype,72,best_feature,2026-03,0.108651
hype,72,best_feature,2026-04,-0.04376
hype,72,best_feature,2026-05,-0.065722
hype,72,ridge,2025-12,0.003826
hype,72,ridge,2026-01,-0.03567
hype,72,ridge,2026-02,0.109755
hype,72,ridge,2026-03,0.08959
hype,72,ridge,2026-04,-0.106386
hype,72,ridge,2026-05,-0.129431
hype,72,lightgbm,2025-12,-0.002355
hype,72,lightgbm,2026-01,-0.099585
hype,72,lightgbm,2026-02,0.02027
hype,72,lightgbm,2026-03,-0.053449
hype,72,lightgbm,2026-04,-0.012845
hype,72,lightgbm,2026-05,0.168462
trx,4,momentum,2025-12,-0.013297
trx,4,momentum,2026-01,0.037768
trx,4,momentum,2026-02,-0.01079
trx,4,momentum,2026-03,-0.022022
trx,4,momentum,2026-04,-0.015784
trx,4,momentum,2026-05,0.044448
trx,4,best_feature,2025-12,-0.020454
trx,4,best_feature,2026-01,-0.00929
trx,4,best_feature,2026-02,0.021797
trx,4,best_feature,2026-03,-0.000868
trx,4,best_feature,2026-04,-0.010388
trx,4,best_feature,2026-05,0.003803
trx,4,ridge,2025-12,-0.01647
trx,4,ridge,2026-01,-0.006825
trx,4,ridge,2026-02,0.015177
trx,4,ridge,2026-03,-0.066563
trx,4,ridge,2026-04,-0.027576
trx,4,ridge,2026-05,0.0056
trx,4,lightgbm,2025-12,-0.013925
trx,4,lightgbm,2026-01,0.02495
trx,4,lightgbm,2026-02,0.036021
trx,4,lightgbm,2026-03,-0.00271
trx,4,lightgbm,2026-04,-0.004167
trx,4,lightgbm,2026-05,0.011299
trx,12,momentum,2025-12,-0.012205
trx,12,momentum,2026-01,0.002971
trx,12,momentum,2026-02,-0.025322
trx,12,momentum,2026-03,-0.015369
trx,12,momentum,2026-04,0.022262
trx,12,momentum,2026-05,0.009993
trx,12,best_feature,2025-12,-0.063352
trx,12,best_feature,2026-01,0.028978
trx,12,best_feature,2026-02,0.006249
trx,12,best_feature,2026-03,-0.035373
trx,12,best_feature,2026-04,-0.001835
trx,12,best_feature,2026-05,0.020263
trx,12,ridge,2025-12,0.006825
trx,12,ridge,2026-01,-0.023194
trx,12,ridge,2026-02,0.033755
trx,12,ridge,2026-03,-0.085164
trx,12,ridge,2026-04,-0.005464
trx,12,ridge,2026-05,0.017593
trx,12,lightgbm,2025-12,-0.06989
trx,12,lightgbm,2026-01,0.024043
trx,12,lightgbm,2026-02,-0.034731
trx,12,lightgbm,2026-03,-0.000757
trx,12,lightgbm,2026-04,-0.023299
trx,12,lightgbm,2026-05,0.014676
trx,36,momentum,2025-12,-0.082926
trx,36,momentum,2026-01,-0.111737
trx,36,momentum,2026-02,0.080353
trx,36,momentum,2026-03,0.105116
trx,36,momentum,2026-04,-0.033146
trx,36,momentum,2026-05,-0.087756
trx,36,best_feature,2025-12,-0.148228
trx,36,best_feature,2026-01,-0.018721
trx,36,best_feature,2026-02,0.019954
trx,36,best_feature,2026-03,-0.046708
trx,36,best_feature,2026-04,0.017451
trx,36,best_feature,2026-05,0.042165
trx,36,ridge,2025-12,-0.071708
trx,36,ridge,2026-01,-0.031419
trx,36,ridge,2026-02,0.045856
trx,36,ridge,2026-03,-0.057599
trx,36,ridge,2026-04,-0.022291
trx,36,ridge,2026-05,0.046795
trx,36,lightgbm,2025-12,-0.183112
trx,36,lightgbm,2026-01,0.043317
trx,36,lightgbm,2026-02,0.066298
trx,36,lightgbm,2026-03,-0.015555
trx,36,lightgbm,2026-04,0.014992
trx,36,lightgbm,2026-05,0.006864
trx,72,momentum,2025-12,-0.103767
trx,72,momentum,2026-01,-0.066163
trx,72,momentum,2026-02,-0.044207
trx,72,momentum,2026-03,-0.043976
trx,72,momentum,2026-04,0.083702
trx,72,momentum,2026-05,0.068154
trx,72,best_feature,2025-12,-0.123464
trx,72,best_feature,2026-01,-0.076654
trx,72,best_feature,2026-02,0.088804
trx,72,best_feature,2026-03,-0.04286
trx,72,best_feature,2026-04,-0.029712
trx,72,best_feature,2026-05,0.022606
trx,72,ridge,2025-12,-0.126884
trx,72,ridge,2026-01,-0.002715
trx,72,ridge,2026-02,0.069129
trx,72,ridge,2026-03,-0.030197
trx,72,ridge,2026-04,-0.004559
trx,72,ridge,2026-05,0.066258
trx,72,lightgbm,2025-12,-0.246625
trx,72,lightgbm,2026-01,0.037655
trx,72,lightgbm,2026-02,0.010855
trx,72,lightgbm,2026-03,-0.030012
trx,72,lightgbm,2026-04,-0.007149
trx,72,lightgbm,2026-05,0.07116
doge,4,momentum,2025-12,0.038805
doge,4,momentum,2026-01,0.084563
doge,4,momentum,2026-02,0.116576
doge,4,momentum,2026-03,0.066837
doge,4,momentum,2026-04,0.042103
doge,4,momentum,2026-05,0.058101
doge,4,best_feature,2025-12,0.038805
doge,4,best_feature,2026-01,0.084563
doge,4,best_feature,2026-02,0.116576
doge,4,best_feature,2026-03,0.066837
doge,4,best_feature,2026-04,0.042103
doge,4,best_feature,2026-05,0.058101
doge,4,ridge,2025-12,0.028249
doge,4,ridge,2026-01,0.003336
doge,4,ridge,2026-02,0.074888
doge,4,ridge,2026-03,0.064259
doge,4,ridge,2026-04,0.024513
doge,4,ridge,2026-05,0.026599
doge,4,lightgbm,2025-12,0.03452
doge,4,lightgbm,2026-01,0.056122
doge,4,lightgbm,2026-02,0.029334
doge,4,lightgbm,2026-03,0.049044
doge,4,lightgbm,2026-04,0.028311
doge,4,lightgbm,2026-05,0.044805
doge,12,momentum,2025-12,0.00752
doge,12,momentum,2026-01,0.007183
doge,12,momentum,2026-02,0.050068
doge,12,momentum,2026-03,0.012334
doge,12,momentum,2026-04,0.029921
doge,12,momentum,2026-05,0.055346
doge,12,best_feature,2025-12,-0.033089
doge,12,best_feature,2026-01,-0.002759
doge,12,best_feature,2026-02,0.090831
doge,12,best_feature,2026-03,-0.009542
doge,12,best_feature,2026-04,-0.006121
doge,12,best_feature,2026-05,0.04657
doge,12,ridge,2025-12,0.001735
doge,12,ridge,2026-01,0.008704
doge,12,ridge,2026-02,0.005103
doge,12,ridge,2026-03,0.031264
doge,12,ridge,2026-04,-0.027683
doge,12,ridge,2026-05,0.032751
doge,12,lightgbm,2025-12,-0.031099
doge,12,lightgbm,2026-01,-0.075938
doge,12,lightgbm,2026-02,-0.035213
doge,12,lightgbm,2026-03,0.069219
doge,12,lightgbm,2026-04,-0.039244
doge,12,lightgbm,2026-05,0.03349
doge,36,momentum,2025-12,-0.041739
doge,36,momentum,2026-01,0.028159
doge,36,momentum,2026-02,0.154823
doge,36,momentum,2026-03,0.023127
doge,36,momentum,2026-04,0.001465
doge,36,momentum,2026-05,-0.09121
doge,36,best_feature,2025-12,-0.036876
doge,36,best_feature,2026-01,-0.018396
doge,36,best_feature,2026-02,0.097846
doge,36,best_feature,2026-03,-0.00721
doge,36,best_feature,2026-04,-0.029673
doge,36,best_feature,2026-05,-0.018659
doge,36,ridge,2025-12,0.001846
doge,36,ridge,2026-01,-0.099262
doge,36,ridge,2026-02,0.003475
doge,36,ridge,2026-03,-0.059258
doge,36,ridge,2026-04,-0.012792
doge,36,ridge,2026-05,0.011868
doge,36,lightgbm,2025-12,0.119185
doge,36,lightgbm,2026-01,-0.050409
doge,36,lightgbm,2026-02,-0.112642
doge,36,lightgbm,2026-03,0.062404
doge,36,lightgbm,2026-04,-0.063106
doge,36,lightgbm,2026-05,0.033826
doge,72,momentum,2025-12,0.069778
doge,72,momentum,2026-01,0.049656
doge,72,momentum,2026-02,-0.15168
doge,72,momentum,2026-03,0.042329
doge,72,momentum,2026-04,0.008164
doge,72,momentum,2026-05,0.029888
doge,72,best_feature,2025-12,-0.063555
doge,72,best_feature,2026-01,0.076326
doge,72,best_feature,2026-02,-0.012521
doge,72,best_feature,2026-03,0.144941
doge,72,best_feature,2026-04,0.016322
doge,72,best_feature,2026-05,0.031013
doge,72,ridge,2025-12,0.001287
doge,72,ridge,2026-01,-0.065861
doge,72,ridge,2026-02,-0.040037
doge,72,ridge,2026-03,-0.074006
doge,72,ridge,2026-04,-0.02619
doge,72,ridge,2026-05,-0.00281
doge,72,lightgbm,2025-12,0.068934
doge,72,lightgbm,2026-01,-0.044893
doge,72,lightgbm,2026-02,-0.061609
doge,72,lightgbm,2026-03,0.040257
doge,72,lightgbm,2026-04,-0.115419
doge,72,lightgbm,2026-05,-0.104173
uni,4,momentum,2025-12,0.039128
uni,4,momentum,2026-01,0.075453
uni,4,momentum,2026-02,0.073243
uni,4,momentum,2026-03,0.094562
uni,4,momentum,2026-04,0.043407
uni,4,momentum,2026-05,0.019382
uni,4,best_feature,2025-12,0.039128
uni,4,best_feature,2026-01,0.075453
uni,4,best_feature,2026-02,0.073243
uni,4,best_feature,2026-03,0.094562
uni,4,best_feature,2026-04,0.043407
uni,4,best_feature,2026-05,0.019382
uni,4,ridge,2025-12,0.036807
uni,4,ridge,2026-01,0.047223
uni,4,ridge,2026-02,0.088061
uni,4,ridge,2026-03,0.094072
uni,4,ridge,2026-04,0.046897
uni,4,ridge,2026-05,0.020083
uni,4,lightgbm,2025-12,0.040304
uni,4,lightgbm,2026-01,0.048497
uni,4,lightgbm,2026-02,0.052161
uni,4,lightgbm,2026-03,0.112311
uni,4,lightgbm,2026-04,0.050638
uni,4,lightgbm,2026-05,0.032915
uni,12,momentum,2025-12,0.040208
uni,12,momentum,2026-01,0.057214
uni,12,momentum,2026-02,0.039981
uni,12,momentum,2026-03,0.082752
uni,12,momentum,2026-04,0.009509
uni,12,momentum,2026-05,0.015306
uni,12,best_feature,2025-12,-0.036002
uni,12,best_feature,2026-01,0.05076
uni,12,best_feature,2026-02,0.025267
uni,12,best_feature,2026-03,0.083657
uni,12,best_feature,2026-04,0.005672
uni,12,best_feature,2026-05,0.007183
uni,12,ridge,2025-12,0.014169
uni,12,ridge,2026-01,0.02311
uni,12,ridge,2026-02,0.060031
uni,12,ridge,2026-03,0.07262
uni,12,ridge,2026-04,0.039251
uni,12,ridge,2026-05,0.004278
uni,12,lightgbm,2025-12,-0.001952
uni,12,lightgbm,2026-01,-0.020126
uni,12,lightgbm,2026-02,0.004209
uni,12,lightgbm,2026-03,0.100072
uni,12,lightgbm,2026-04,0.03284
uni,12,lightgbm,2026-05,0.027574
uni,36,momentum,2025-12,0.045442
uni,36,momentum,2026-01,-0.020182
uni,36,momentum,2026-02,0.072299
uni,36,momentum,2026-03,-0.039799
uni,36,momentum,2026-04,0.01214
uni,36,momentum,2026-05,-0.058144
uni,36,best_feature,2025-12,-0.048252
uni,36,best_feature,2026-01,-0.014552
uni,36,best_feature,2026-02,0.062792
uni,36,best_feature,2026-03,0.061045
uni,36,best_feature,2026-04,0.101151
uni,36,best_feature,2026-05,0.071706
uni,36,ridge,2025-12,-0.022656
uni,36,ridge,2026-01,-0.062691
uni,36,ridge,2026-02,0.059409
uni,36,ridge,2026-03,0.050018
uni,36,ridge,2026-04,0.054902
uni,36,ridge,2026-05,0.010658
uni,36,lightgbm,2025-12,-0.064705
uni,36,lightgbm,2026-01,0.01669
uni,36,lightgbm,2026-02,0.047341
uni,36,lightgbm,2026-03,0.080735
uni,36,lightgbm,2026-04,0.100965
uni,36,lightgbm,2026-05,0.00209
uni,72,momentum,2025-12,0.057703
uni,72,momentum,2026-01,0.00809
uni,72,momentum,2026-02,0.007906
uni,72,momentum,2026-03,0.009466
uni,72,momentum,2026-04,0.006032
uni,72,momentum,2026-05,0.016454
uni,72,best_feature,2025-12,-0.075268
uni,72,best_feature,2026-01,-0.005782
uni,72,best_feature,2026-02,0.000222
uni,72,best_feature,2026-03,0.068902
uni,72,best_feature,2026-04,0.055763
uni,72,best_feature,2026-05,0.062501
uni,72,ridge,2025-12,-0.043738
uni,72,ridge,2026-01,-0.030945
uni,72,ridge,2026-02,0.03404
uni,72,ridge,2026-03,0.032942
uni,72,ridge,2026-04,0.025699
uni,72,ridge,2026-05,0.046142
uni,72,lightgbm,2025-12,-0.041007
uni,72,lightgbm,2026-01,-0.053
uni,72,lightgbm,2026-02,-0.008695
uni,72,lightgbm,2026-03,0.115641
uni,72,lightgbm,2026-04,0.097329
uni,72,lightgbm,2026-05,0.050093
aave,4,momentum,2025-12,0.02561
aave,4,momentum,2026-01,0.074719
aave,4,momentum,2026-02,0.071767
aave,4,momentum,2026-03,0.072135
aave,4,momentum,2026-04,0.020363
aave,4,momentum,2026-05,0.037884
aave,4,best_feature,2025-12,0.025463
aave,4,best_feature,2026-01,0.063715
aave,4,best_feature,2026-02,0.071539
aave,4,best_feature,2026-03,0.072197
aave,4,best_feature,2026-04,0.020098
aave,4,best_feature,2026-05,0.026398
aave,4,ridge,2025-12,0.057074
aave,4,ridge,2026-01,0.015398
aave,4,ridge,2026-02,0.052037
aave,4,ridge,2026-03,0.067209
aave,4,ridge,2026-04,0.015885
aave,4,ridge,2026-05,0.018999
aave,4,lightgbm,2025-12,0.04462
aave,4,lightgbm,2026-01,-0.005084
aave,4,lightgbm,2026-02,-0.010499
aave,4,lightgbm,2026-03,0.02607
aave,4,lightgbm,2026-04,0.031727
aave,4,lightgbm,2026-05,0.01754
aave,12,momentum,2025-12,0.047001
aave,12,momentum,2026-01,0.00349
aave,12,momentum,2026-02,0.019071
aave,12,momentum,2026-03,0.056977
aave,12,momentum,2026-04,0.007112
aave,12,momentum,2026-05,0.018915
aave,12,best_feature,2025-12,-0.003514
aave,12,best_feature,2026-01,-0.005866
aave,12,best_feature,2026-02,-0.022093
aave,12,best_feature,2026-03,0.020994
aave,12,best_feature,2026-04,-0.014451
aave,12,best_feature,2026-05,-0.005098
aave,12,ridge,2025-12,0.056622
aave,12,ridge,2026-01,-0.016987
aave,12,ridge,2026-02,0.009075
aave,12,ridge,2026-03,0.077706
aave,12,ridge,2026-04,0.003963
aave,12,ridge,2026-05,-0.002955
aave,12,lightgbm,2025-12,0.023003
aave,12,lightgbm,2026-01,-0.004851
aave,12,lightgbm,2026-02,-0.082495
aave,12,lightgbm,2026-03,0.060907
aave,12,lightgbm,2026-04,0.003878
aave,12,lightgbm,2026-05,-0.003076
aave,36,momentum,2025-12,0.003986
aave,36,momentum,2026-01,0.008117
aave,36,momentum,2026-02,-0.010262
aave,36,momentum,2026-03,0.05034
aave,36,momentum,2026-04,-0.032798
aave,36,momentum,2026-05,0.033829
aave,36,best_feature,2025-12,0.019641
aave,36,best_feature,2026-01,-0.034386
aave,36,best_feature,2026-02,-0.067142
aave,36,best_feature,2026-03,-0.044489
aave,36,best_feature,2026-04,0.089154
aave,36,best_feature,2026-05,-0.040445
aave,36,ridge,2025-12,0.083352
aave,36,ridge,2026-01,-0.016759
aave,36,ridge,2026-02,-0.039057
aave,36,ridge,2026-03,0.052271
aave,36,ridge,2026-04,0.028515
aave,36,ridge,2026-05,-0.026922
aave,36,lightgbm,2025-12,0.030773
aave,36,lightgbm,2026-01,-0.059642
aave,36,lightgbm,2026-02,-0.074006
aave,36,lightgbm,2026-03,0.027313
aave,36,lightgbm,2026-04,-0.036032
aave,36,lightgbm,2026-05,-0.028873
aave,72,momentum,2025-12,0.07958
aave,72,momentum,2026-01,0.030294
aave,72,momentum,2026-02,0.052843
aave,72,momentum,2026-03,-0.018523
aave,72,momentum,2026-04,-0.023095
aave,72,momentum,2026-05,0.090918
aave,72,best_feature,2025-12,-0.009695
aave,72,best_feature,2026-01,0.136241
aave,72,best_feature,2026-02,-0.097445
aave,72,best_feature,2026-03,-0.108866
aave,72,best_feature,2026-04,0.087726
aave,72,best_feature,2026-05,-0.038038
aave,72,ridge,2025-12,0.089906
aave,72,ridge,2026-01,-0.057639
aave,72,ridge,2026-02,-0.015169
aave,72,ridge,2026-03,0.005021
aave,72,ridge,2026-04,0.010561
aave,72,ridge,2026-05,-0.018954
aave,72,lightgbm,2025-12,0.075812
aave,72,lightgbm,2026-01,-0.101307
aave,72,lightgbm,2026-02,-0.06078
aave,72,lightgbm,2026-03,0.132623
aave,72,lightgbm,2026-04,-0.035807
aave,72,lightgbm,2026-05,-0.024003
