horizon,family,ic,se,t,days,breakeven_bps,detected
4,momentum,0.041774,0.004752,8.791442,182,0.692836,True
4,best_feature,0.037918,0.004722,8.030446,182,0.763631,True
4,ridge,0.028726,0.004681,6.13665,182,0.678199,True
4,lightgbm,0.02886,0.003886,7.426972,182,0.479967,True
12,momentum,0.024651,0.005949,4.143836,182,0.403392,True
12,best_feature,0.008539,0.006451,1.323664,182,-0.414885,False
12,ridge,0.016772,0.006207,2.702298,182,0.310076,False
12,lightgbm,0.002767,0.007237,0.382305,182,-0.741576,False
36,momentum,0.000178,0.011555,0.015374,182,0.490418,False
36,best_feature,0.003543,0.009555,0.370805,182,2.245807,False
36,ridge,0.000115,0.009326,0.012381,182,-0.344122,False
36,lightgbm,-0.00469,0.009596,-0.488812,182,-5.562795,False
72,momentum,0.006549,0.01364,0.480151,182,-1.52709,False
72,best_feature,0.006013,0.010799,0.556829,182,-0.255425,False
72,ridge,-0.008143,0.01101,-0.739624,182,-2.279001,False
72,lightgbm,-0.006867,0.013021,-0.527324,182,-7.315461,False
