coin,horizon,family,month,setting
hype,4,momentum,2025-12,slope=-2.33
hype,4,momentum,2026-01,slope=-2.77
hype,4,momentum,2026-02,slope=-2.8
hype,4,momentum,2026-03,slope=-2.9
hype,4,momentum,2026-04,slope=-2.92
hype,4,momentum,2026-05,slope=-3.07
hype,4,best_feature,2025-12,x_minus_btc_trail_ret_36
hype,4,best_feature,2026-01,x_minus_btc_trail_ret_36
hype,4,best_feature,2026-02,x_trail_ret_4
hype,4,best_feature,2026-03,x_trail_ret_4
hype,4,best_feature,2026-04,x_trail_ret_36
hype,4,best_feature,2026-05,x_trail_ret_36
hype,4,ridge,2025-12,alpha=1e+06
hype,4,ridge,2026-01,alpha=1e+05
hype,4,ridge,2026-02,alpha=1e+06
hype,4,ridge,2026-03,alpha=1e+05
hype,4,ridge,2026-04,alpha=1e+04
hype,4,ridge,2026-05,alpha=1e+02
hype,4,lightgbm,2025-12,trees=8
hype,4,lightgbm,2026-01,trees=33
hype,4,lightgbm,2026-02,trees=8
hype,4,lightgbm,2026-03,trees=46
hype,4,lightgbm,2026-04,trees=79
hype,4,lightgbm,2026-05,trees=17
hype,12,momentum,2025-12,slope=-1.66
hype,12,momentum,2026-01,slope=-1.68
hype,12,momentum,2026-02,slope=-1.52
hype,12,momentum,2026-03,slope=-1.54
hype,12,momentum,2026-04,slope=-1.82
hype,12,momentum,2026-05,slope=-1.89
hype,12,best_feature,2025-12,x_minus_btc_trail_ret_72
hype,12,best_feature,2026-01,x_minus_btc_trail_ret_36
hype,12,best_feature,2026-02,x_minus_btc_trail_ret_36
hype,12,best_feature,2026-03,x_trail_ret_36
hype,12,best_feature,2026-04,x_trail_ret_36
hype,12,best_feature,2026-05,x_trail_ret_36
hype,12,ridge,2025-12,alpha=1e+05
hype,12,ridge,2026-01,alpha=1e+06
hype,12,ridge,2026-02,alpha=1e+07
hype,12,ridge,2026-03,alpha=1e+05
hype,12,ridge,2026-04,alpha=1e+04
hype,12,ridge,2026-05,alpha=1e+05
hype,12,lightgbm,2025-12,trees=12
hype,12,lightgbm,2026-01,trees=2
hype,12,lightgbm,2026-02,trees=1
hype,12,lightgbm,2026-03,trees=85
hype,12,lightgbm,2026-04,trees=102
hype,12,lightgbm,2026-05,trees=1
hype,36,momentum,2025-12,slope=-1.47
hype,36,momentum,2026-01,slope=-1.33
hype,36,momentum,2026-02,slope=-0.96
hype,36,momentum,2026-03,slope=-0.979
hype,36,momentum,2026-04,slope=-1.06
hype,36,momentum,2026-05,slope=-1.01
hype,36,best_feature,2025-12,x_trail_ret_72
hype,36,best_feature,2026-01,x_trail_ret_72
hype,36,best_feature,2026-02,x_trail_ret_72
hype,36,best_feature,2026-03,x_trail_ret_72
hype,36,best_feature,2026-04,x_trail_ret_72
hype,36,best_feature,2026-05,x_trail_ret_12
hype,36,ridge,2025-12,alpha=1e+05
hype,36,ridge,2026-01,alpha=1e+06
hype,36,ridge,2026-02,alpha=1e+07
hype,36,ridge,2026-03,alpha=1e+02
hype,36,ridge,2026-04,alpha=1e+05
hype,36,ridge,2026-05,alpha=1e+07
hype,36,lightgbm,2025-12,trees=3
hype,36,lightgbm,2026-01,trees=9
hype,36,lightgbm,2026-02,trees=1
hype,36,lightgbm,2026-03,trees=2
hype,36,lightgbm,2026-04,trees=112
hype,36,lightgbm,2026-05,trees=1
hype,72,momentum,2025-12,slope=-1.59
hype,72,momentum,2026-01,slope=-1.56
hype,72,momentum,2026-02,slope=-0.884
hype,72,momentum,2026-03,slope=-1.05
hype,72,momentum,2026-04,slope=-1.14
hype,72,momentum,2026-05,slope=-0.92
hype,72,best_feature,2025-12,x_trail_ret_72
hype,72,best_feature,2026-01,x_trail_ret_72
hype,72,best_feature,2026-02,x_trail_ret_72
hype,72,best_feature,2026-03,btc_trail_ret_72
hype,72,best_feature,2026-04,btc_trail_ret_72
hype,72,best_feature,2026-05,btc_trail_ret_72
hype,72,ridge,2025-12,alpha=1e+05
hype,72,ridge,2026-01,alpha=1e+07
hype,72,ridge,2026-02,alpha=1e+07
hype,72,ridge,2026-03,alpha=1e+03
hype,72,ridge,2026-04,alpha=1e+03
hype,72,ridge,2026-05,alpha=1e+07
hype,72,lightgbm,2025-12,trees=161
hype,72,lightgbm,2026-01,trees=22
hype,72,lightgbm,2026-02,trees=1
hype,72,lightgbm,2026-03,trees=12
hype,72,lightgbm,2026-04,trees=1
hype,72,lightgbm,2026-05,trees=2
trx,4,momentum,2025-12,slope=-0.52
trx,4,momentum,2026-01,slope=+0.0257
trx,4,momentum,2026-02,slope=+1.4
trx,4,momentum,2026-03,slope=+1.06
trx,4,momentum,2026-04,slope=+0.717
trx,4,momentum,2026-05,slope=+0.534
trx,4,best_feature,2025-12,x_taker_buy_ratio_vol_ma36
trx,4,best_feature,2026-01,x_taker_buy_ratio_vol_ma36
trx,4,best_feature,2026-02,beta_x_sol_288
trx,4,best_feature,2026-03,beta_x_sol_288
trx,4,best_feature,2026-04,beta_x_sol_288
trx,4,best_feature,2026-05,beta_x_sol_288
trx,4,ridge,2025-12,alpha=1e+06
trx,4,ridge,2026-01,alpha=1e+06
trx,4,ridge,2026-02,alpha=1e+06
trx,4,ridge,2026-03,alpha=1e+06
trx,4,ridge,2026-04,alpha=1e+07
trx,4,ridge,2026-05,alpha=1e+07
trx,4,lightgbm,2025-12,trees=29
trx,4,lightgbm,2026-01,trees=6
trx,4,lightgbm,2026-02,trees=15
trx,4,lightgbm,2026-03,trees=7
trx,4,lightgbm,2026-04,trees=10
trx,4,lightgbm,2026-05,trees=66
trx,12,momentum,2025-12,slope=-2.85
trx,12,momentum,2026-01,slope=-2.53
trx,12,momentum,2026-02,slope=-2.36
trx,12,momentum,2026-03,slope=-2.01
trx,12,momentum,2026-04,slope=-1.65
trx,12,momentum,2026-05,slope=-1.87
trx,12,best_feature,2025-12,x_minus_btc_trail_ret_72
trx,12,best_feature,2026-01,eth_count_z_576
trx,12,best_feature,2026-02,eth_count_z_576
trx,12,best_feature,2026-03,eth_count_z_576
trx,12,best_feature,2026-04,eth_count_z_576
trx,12,best_feature,2026-05,eth_count_z_576
trx,12,ridge,2025-12,alpha=1e+06
trx,12,ridge,2026-01,alpha=1e+06
trx,12,ridge,2026-02,alpha=1e+07
trx,12,ridge,2026-03,alpha=1e+06
trx,12,ridge,2026-04,alpha=1e+07
trx,12,ridge,2026-05,alpha=1e+07
trx,12,lightgbm,2025-12,trees=60
trx,12,lightgbm,2026-01,trees=1
trx,12,lightgbm,2026-02,trees=1
trx,12,lightgbm,2026-03,trees=1
trx,12,lightgbm,2026-04,trees=6
trx,12,lightgbm,2026-05,trees=1
trx,36,momentum,2025-12,slope=-1.52
trx,36,momentum,2026-01,slope=-0.553
trx,36,momentum,2026-02,slope=+0.736
trx,36,momentum,2026-03,slope=+1.69
trx,36,momentum,2026-04,slope=+2.5
trx,36,momentum,2026-05,slope=+2.1
trx,36,best_feature,2025-12,x_minus_btc_trail_ret_72
trx,36,best_feature,2026-01,eth_trail_ret_72
trx,36,best_feature,2026-02,eth_count_z_576
trx,36,best_feature,2026-03,eth_count_z_576
trx,36,best_feature,2026-04,eth_count_z_576
trx,36,best_feature,2026-05,eth_count_z_576
trx,36,ridge,2025-12,alpha=1e+07
trx,36,ridge,2026-01,alpha=1e+07
trx,36,ridge,2026-02,alpha=1e+07
trx,36,ridge,2026-03,alpha=1e+06
trx,36,ridge,2026-04,alpha=1e+07
trx,36,ridge,2026-05,alpha=1e+07
trx,36,lightgbm,2025-12,trees=31
trx,36,lightgbm,2026-01,trees=1
trx,36,lightgbm,2026-02,trees=31
trx,36,lightgbm,2026-03,trees=30
trx,36,lightgbm,2026-04,trees=15
trx,36,lightgbm,2026-05,trees=3
trx,72,momentum,2025-12,slope=-2.87
trx,72,momentum,2026-01,slope=-1.97
trx,72,momentum,2026-02,slope=-0.904
trx,72,momentum,2026-03,slope=-0.609
trx,72,momentum,2026-04,slope=-0.34
trx,72,momentum,2026-05,slope=-0.777
trx,72,best_feature,2025-12,beta_x_eth_288
trx,72,best_feature,2026-01,beta_x_eth_288
trx,72,best_feature,2026-02,btc_count_z_576
trx,72,best_feature,2026-03,btc_count_z_576
trx,72,best_feature,2026-04,beta_x_sol_288
trx,72,best_feature,2026-05,btc_count_z_576
trx,72,ridge,2025-12,alpha=1e+07
trx,72,ridge,2026-01,alpha=1e+07
trx,72,ridge,2026-02,alpha=1e+07
trx,72,ridge,2026-03,alpha=1e+06
trx,72,ridge,2026-04,alpha=1e+07
trx,72,ridge,2026-05,alpha=1e+06
trx,72,lightgbm,2025-12,trees=395
trx,72,lightgbm,2026-01,trees=1
trx,72,lightgbm,2026-02,trees=734
trx,72,lightgbm,2026-03,trees=49
trx,72,lightgbm,2026-04,trees=1
trx,72,lightgbm,2026-05,trees=93
doge,4,momentum,2025-12,slope=-1.94
doge,4,momentum,2026-01,slope=-2.02
doge,4,momentum,2026-02,slope=-2.26
doge,4,momentum,2026-03,slope=-2.88
doge,4,momentum,2026-04,slope=-3.27
doge,4,momentum,2026-05,slope=-3.41
doge,4,best_feature,2025-12,x_trail_ret_4
doge,4,best_feature,2026-01,x_trail_ret_4
doge,4,best_feature,2026-02,x_trail_ret_4
doge,4,best_feature,2026-03,x_trail_ret_4
doge,4,best_feature,2026-04,x_trail_ret_4
doge,4,best_feature,2026-05,x_trail_ret_4
doge,4,ridge,2025-12,alpha=1e+06
doge,4,ridge,2026-01,alpha=1e+04
doge,4,ridge,2026-02,alpha=1e+06
doge,4,ridge,2026-03,alpha=1e+05
doge,4,ridge,2026-04,alpha=1e+05
doge,4,ridge,2026-05,alpha=1e+05
doge,4,lightgbm,2025-12,trees=15
doge,4,lightgbm,2026-01,trees=37
doge,4,lightgbm,2026-02,trees=24
doge,4,lightgbm,2026-03,trees=3
doge,4,lightgbm,2026-04,trees=88
doge,4,lightgbm,2026-05,trees=34
doge,12,momentum,2025-12,slope=-1.46
doge,12,momentum,2026-01,slope=-1.28
doge,12,momentum,2026-02,slope=-1.3
doge,12,momentum,2026-03,slope=-1.44
doge,12,momentum,2026-04,slope=-1.31
doge,12,momentum,2026-05,slope=-1.38
doge,12,best_feature,2025-12,corr_x_sol_logret_72
doge,12,best_feature,2026-01,sol_taker_buy_ratio_vol_ma12
doge,12,best_feature,2026-02,eth_trail_ret_12
doge,12,best_feature,2026-03,eth_trail_ret_12
doge,12,best_feature,2026-04,sol_taker_buy_ratio_vol_ma12
doge,12,best_feature,2026-05,x_trail_ret_4
doge,12,ridge,2025-12,alpha=1e+05
doge,12,ridge,2026-01,alpha=1e+07
doge,12,ridge,2026-02,alpha=1e+06
doge,12,ridge,2026-03,alpha=1e+06
doge,12,ridge,2026-04,alpha=1e+05
doge,12,ridge,2026-05,alpha=1e+07
doge,12,lightgbm,2025-12,trees=1
doge,12,lightgbm,2026-01,trees=1
doge,12,lightgbm,2026-02,trees=1
doge,12,lightgbm,2026-03,trees=2
doge,12,lightgbm,2026-04,trees=115
doge,12,lightgbm,2026-05,trees=1
doge,36,momentum,2025-12,slope=-0.0795
doge,36,momentum,2026-01,slope=+0.122
doge,36,momentum,2026-02,slope=+0.109
doge,36,momentum,2026-03,slope=+0.648
doge,36,momentum,2026-04,slope=+0.705
doge,36,momentum,2026-05,slope=+0.668
doge,36,best_feature,2025-12,beta_x_eth_288
doge,36,best_feature,2026-01,btc_trail_ret_36
doge,36,best_feature,2026-02,btc_trail_ret_36
doge,36,best_feature,2026-03,btc_trail_ret_36
doge,36,best_feature,2026-04,btc_trail_ret_36
doge,36,best_feature,2026-05,corr_x_sol_logret_72
doge,36,ridge,2025-12,alpha=1e+07
doge,36,ridge,2026-01,alpha=1e+04
doge,36,ridge,2026-02,alpha=1e+07
doge,36,ridge,2026-03,alpha=1e+06
doge,36,ridge,2026-04,alpha=1e+07
doge,36,ridge,2026-05,alpha=1e+07
doge,36,lightgbm,2025-12,trees=1
doge,36,lightgbm,2026-01,trees=43
doge,36,lightgbm,2026-02,trees=3
doge,36,lightgbm,2026-03,trees=1
doge,36,lightgbm,2026-04,trees=113
doge,36,lightgbm,2026-05,trees=1
doge,72,momentum,2025-12,slope=-0.46
doge,72,momentum,2026-01,slope=-0.646
doge,72,momentum,2026-02,slope=-0.613
doge,72,momentum,2026-03,slope=-0.185
doge,72,momentum,2026-04,slope=-0.37
doge,72,momentum,2026-05,slope=-0.428
doge,72,best_feature,2025-12,beta_x_eth_288
doge,72,best_feature,2026-01,sol_volume_z_576
doge,72,best_feature,2026-02,eth_count_z_576
doge,72,best_feature,2026-03,btc_count_z_576
doge,72,best_feature,2026-04,btc_count_z_576
doge,72,best_feature,2026-05,btc_count_z_576
doge,72,ridge,2025-12,alpha=1e+07
doge,72,ridge,2026-01,alpha=1e+04
doge,72,ridge,2026-02,alpha=1e+05
doge,72,ridge,2026-03,alpha=1e+07
doge,72,ridge,2026-04,alpha=1e+07
doge,72,ridge,2026-05,alpha=1e+07
doge,72,lightgbm,2025-12,trees=1
doge,72,lightgbm,2026-01,trees=201
doge,72,lightgbm,2026-02,trees=1
doge,72,lightgbm,2026-03,trees=1
doge,72,lightgbm,2026-04,trees=114
doge,72,lightgbm,2026-05,trees=1
uni,4,momentum,2025-12,slope=-2.22
uni,4,momentum,2026-01,slope=-2.23
uni,4,momentum,2026-02,slope=-2.51
uni,4,momentum,2026-03,slope=-2.72
uni,4,momentum,2026-04,slope=-3.15
uni,4,momentum,2026-05,slope=-3.21
uni,4,best_feature,2025-12,x_trail_ret_4
uni,4,best_feature,2026-01,x_trail_ret_4
uni,4,best_feature,2026-02,x_trail_ret_4
uni,4,best_feature,2026-03,x_trail_ret_4
uni,4,best_feature,2026-04,x_trail_ret_4
uni,4,best_feature,2026-05,x_trail_ret_4
uni,4,ridge,2025-12,alpha=1e+06
uni,4,ridge,2026-01,alpha=1e+06
uni,4,ridge,2026-02,alpha=1e+05
uni,4,ridge,2026-03,alpha=1e+04
uni,4,ridge,2026-04,alpha=1e+04
uni,4,ridge,2026-05,alpha=1e+03
uni,4,lightgbm,2025-12,trees=6
uni,4,lightgbm,2026-01,trees=20
uni,4,lightgbm,2026-02,trees=37
uni,4,lightgbm,2026-03,trees=65
uni,4,lightgbm,2026-04,trees=163
uni,4,lightgbm,2026-05,trees=31
uni,12,momentum,2025-12,slope=-0.622
uni,12,momentum,2026-01,slope=-0.639
uni,12,momentum,2026-02,slope=-0.871
uni,12,momentum,2026-03,slope=-1.12
uni,12,momentum,2026-04,slope=-1.35
uni,12,momentum,2026-05,slope=-1.39
uni,12,best_feature,2025-12,corr_x_btc_logret_72
uni,12,best_feature,2026-01,x_trail_ret_4
uni,12,best_feature,2026-02,x_trail_ret_4
uni,12,best_feature,2026-03,x_trail_ret_4
uni,12,best_feature,2026-04,x_trail_ret_4
uni,12,best_feature,2026-05,x_trail_ret_4
uni,12,ridge,2025-12,alpha=1e+07
uni,12,ridge,2026-01,alpha=1e+07
uni,12,ridge,2026-02,alpha=1e+06
uni,12,ridge,2026-03,alpha=1e+04
uni,12,ridge,2026-04,alpha=1e+05
uni,12,ridge,2026-05,alpha=1e+04
uni,12,lightgbm,2025-12,trees=2
uni,12,lightgbm,2026-01,trees=1
uni,12,lightgbm,2026-02,trees=1
uni,12,lightgbm,2026-03,trees=7
uni,12,lightgbm,2026-04,trees=241
uni,12,lightgbm,2026-05,trees=26
uni,36,momentum,2025-12,slope=+0.0871
uni,36,momentum,2026-01,slope=+0.27
uni,36,momentum,2026-02,slope=+0.184
uni,36,momentum,2026-03,slope=+0.181
uni,36,momentum,2026-04,slope=+0.105
uni,36,momentum,2026-05,slope=+0.1
uni,36,best_feature,2025-12,corr_x_btc_logret_72
uni,36,best_feature,2026-01,corr_x_btc_logret_72
uni,36,best_feature,2026-02,corr_x_sol_logret_72
uni,36,best_feature,2026-03,corr_x_sol_logret_72
uni,36,best_feature,2026-04,corr_x_sol_logret_72
uni,36,best_feature,2026-05,corr_x_sol_logret_72
uni,36,ridge,2025-12,alpha=1e+06
uni,36,ridge,2026-01,alpha=1e+07
uni,36,ridge,2026-02,alpha=1e+07
uni,36,ridge,2026-03,alpha=1e+04
uni,36,ridge,2026-04,alpha=1e+04
uni,36,ridge,2026-05,alpha=1e+04
uni,36,lightgbm,2025-12,trees=8
uni,36,lightgbm,2026-01,trees=2
uni,36,lightgbm,2026-02,trees=5
uni,36,lightgbm,2026-03,trees=6
uni,36,lightgbm,2026-04,trees=67
uni,36,lightgbm,2026-05,trees=65
uni,72,momentum,2025-12,slope=-0.96
uni,72,momentum,2026-01,slope=-0.996
uni,72,momentum,2026-02,slope=-0.918
uni,72,momentum,2026-03,slope=-0.923
uni,72,momentum,2026-04,slope=-0.943
uni,72,momentum,2026-05,slope=-0.885
uni,72,best_feature,2025-12,sol_roll_vol_logret_576
uni,72,best_feature,2026-01,sol_trail_ret_72
uni,72,best_feature,2026-02,sol_trail_ret_72
uni,72,best_feature,2026-03,eth_trail_ret_72
uni,72,best_feature,2026-04,corr_x_sol_logret_72
uni,72,best_feature,2026-05,corr_x_sol_logret_72
uni,72,ridge,2025-12,alpha=1e+05
uni,72,ridge,2026-01,alpha=1e+07
uni,72,ridge,2026-02,alpha=1e+07
uni,72,ridge,2026-03,alpha=1e+05
uni,72,ridge,2026-04,alpha=1e+05
uni,72,ridge,2026-05,alpha=1e+05
uni,72,lightgbm,2025-12,trees=498
uni,72,lightgbm,2026-01,trees=1
uni,72,lightgbm,2026-02,trees=1
uni,72,lightgbm,2026-03,trees=27
uni,72,lightgbm,2026-04,trees=125
uni,72,lightgbm,2026-05,trees=44
aave,4,momentum,2025-12,slope=-1.47
aave,4,momentum,2026-01,slope=-1.5
aave,4,momentum,2026-02,slope=-1.88
aave,4,momentum,2026-03,slope=-2.17
aave,4,momentum,2026-04,slope=-2.55
aave,4,momentum,2026-05,slope=-2.52
aave,4,best_feature,2025-12,x_trail_ret_4
aave,4,best_feature,2026-01,eth_trail_ret_4
aave,4,best_feature,2026-02,x_trail_ret_4
aave,4,best_feature,2026-03,x_trail_ret_4
aave,4,best_feature,2026-04,x_trail_ret_4
aave,4,best_feature,2026-05,eth_trail_ret_4
aave,4,ridge,2025-12,alpha=1e+06
aave,4,ridge,2026-01,alpha=1e+04
aave,4,ridge,2026-02,alpha=1e+06
aave,4,ridge,2026-03,alpha=1e+05
aave,4,ridge,2026-04,alpha=1e+03
aave,4,ridge,2026-05,alpha=1e+06
aave,4,lightgbm,2025-12,trees=1
aave,4,lightgbm,2026-01,trees=89
aave,4,lightgbm,2026-02,trees=2
aave,4,lightgbm,2026-03,trees=3
aave,4,lightgbm,2026-04,trees=141
aave,4,lightgbm,2026-05,trees=32
aave,12,momentum,2025-12,slope=-0.557
aave,12,momentum,2026-01,slope=-0.659
aave,12,momentum,2026-02,slope=-0.639
aave,12,momentum,2026-03,slope=-0.939
aave,12,momentum,2026-04,slope=-1.13
aave,12,momentum,2026-05,slope=-1.02
aave,12,best_feature,2025-12,corr_x_btc_logret_72
aave,12,best_feature,2026-01,corr_x_btc_logret_72
aave,12,best_feature,2026-02,corr_x_btc_logret_72
aave,12,best_feature,2026-03,x_minus_btc_trail_ret_36
aave,12,best_feature,2026-04,x_minus_btc_trail_ret_36
aave,12,best_feature,2026-05,corr_x_btc_logret_72
aave,12,ridge,2025-12,alpha=1e+05
aave,12,ridge,2026-01,alpha=1e+05
aave,12,ridge,2026-02,alpha=1e+07
aave,12,ridge,2026-03,alpha=1e+07
aave,12,ridge,2026-04,alpha=1e+04
aave,12,ridge,2026-05,alpha=1e+06
aave,12,lightgbm,2025-12,trees=6
aave,12,lightgbm,2026-01,trees=16
aave,12,lightgbm,2026-02,trees=1
aave,12,lightgbm,2026-03,trees=1
aave,12,lightgbm,2026-04,trees=134
aave,12,lightgbm,2026-05,trees=1
aave,36,momentum,2025-12,slope=-0.448
aave,36,momentum,2026-01,slope=-0.391
aave,36,momentum,2026-02,slope=-0.427
aave,36,momentum,2026-03,slope=-0.404
aave,36,momentum,2026-04,slope=-0.464
aave,36,momentum,2026-05,slope=-0.267
aave,36,best_feature,2025-12,corr_x_btc_logret_72
aave,36,best_feature,2026-01,corr_x_btc_logret_72
aave,36,best_feature,2026-02,x_taker_buy_ratio_vol_ma36
aave,36,best_feature,2026-03,x_taker_buy_ratio_vol_ma36
aave,36,best_feature,2026-04,corr_x_btc_logret_72
aave,36,best_feature,2026-05,corr_x_btc_logret_72
aave,36,ridge,2025-12,alpha=1e+05
aave,36,ridge,2026-01,alpha=1e+04
aave,36,ridge,2026-02,alpha=1e+07
aave,36,ridge,2026-03,alpha=1e+07
aave,36,ridge,2026-04,alpha=1e+05
aave,36,ridge,2026-05,alpha=1e+05
aave,36,lightgbm,2025-12,trees=11
aave,36,lightgbm,2026-01,trees=32
aave,36,lightgbm,2026-02,trees=3
aave,36,lightgbm,2026-03,trees=1
aave,36,lightgbm,2026-04,trees=198
aave,36,lightgbm,2026-05,trees=16
aave,72,momentum,2025-12,slope=-0.435
aave,72,momentum,2026-01,slope=-0.643
aave,72,momentum,2026-02,slope=-0.643
aave,72,momentum,2026-03,slope=-0.783
aave,72,momentum,2026-04,slope=-0.736
aave,72,momentum,2026-05,slope=-0.551
aave,72,best_feature,2025-12,beta_x_sol_288
aave,72,best_feature,2026-01,x_taker_buy_ratio_vol_ma36
aave,72,best_feature,2026-02,x_taker_buy_ratio_vol_ma36
aave,72,best_feature,2026-03,x_taker_buy_ratio_vol_ma36
aave,72,best_feature,2026-04,beta_x_eth_288
aave,72,best_feature,2026-05,beta_x_eth_288
aave,72,ridge,2025-12,alpha=1e+06
aave,72,ridge,2026-01,alpha=1e+03
aave,72,ridge,2026-02,alpha=1e+07
aave,72,ridge,2026-03,alpha=1e+07
aave,72,ridge,2026-04,alpha=1e+07
aave,72,ridge,2026-05,alpha=1e+04
aave,72,lightgbm,2025-12,trees=2
aave,72,lightgbm,2026-01,trees=22
aave,72,lightgbm,2026-02,trees=3
aave,72,lightgbm,2026-03,trees=1
aave,72,lightgbm,2026-04,trees=147
aave,72,lightgbm,2026-05,trees=1
