day,hype_base,trx_base,doge_base,uni_base,aave_base,portfolio_base,hype_gated,trx_gated,doge_gated,uni_gated,aave_gated,portfolio_gated,hype_sized,trx_sized,doge_sized,uni_sized,aave_sized,portfolio_sized
2025-12-01 00:00:00+00:00,-0.007967,3.8e-05,-0.009243,-0.003323,-0.005108,-0.005121,0.0,0.0,0.0,0.0,0.0,0.0,0.0,0.0,0.0,0.0,0.0,0.0
2025-12-02 00:00:00+00:00,0.024135,-0.009538,-0.04222,-0.038805,-0.048376,-0.022961,0.0,0.0,0.0,0.0,0.0,0.0,0.0,0.0,0.0,0.0,0.0,0.0
2025-12-03 00:00:00+00:00,0.048153,-0.014417,-0.047811,-0.030122,-0.039723,-0.016784,0.0,0.0,0.0,0.0,0.0,0.0,0.0,0.0,0.0,0.0,0.0,0.0
2025-12-04 00:00:00+00:00,0.043418,-0.013859,-0.037624,-0.010263,-0.034653,-0.010596,0.0,0.0,0.0,0.0,0.0,0.0,0.0,0.0,0.0,0.0,0.0,0.0
2025-12-05 00:00:00+00:00,0.023588,-0.010483,-0.059395,-0.040863,-0.053371,-0.028105,0.0,0.0,0.0,0.0,0.0,0.0,0.0,0.0,0.0,0.0,0.0,0.0
2025-12-06 00:00:00+00:00,0.023904,-0.014047,-0.059517,-0.044648,-0.067785,-0.032419,0.0,0.0,0.0,0.0,0.0,0.0,0.0,0.0,0.0,0.0,0.0,0.0
2025-12-07 00:00:00+00:00,0.023519,-0.029841,-0.096446,-0.067182,-0.105678,-0.055126,0.0,0.0,0.0,0.0,0.0,0.0,0.0,0.0,0.0,0.0,0.0,0.0
2025-12-08 00:00:00+00:00,0.035677,-0.041281,-0.102158,-0.059471,-0.11702,-0.056851,0.0,0.0,0.0,0.0,0.0,0.0,0.0,0.0,0.0,0.0,0.0,0.0
2025-12-09 00:00:00+00:00,0.021977,-0.043093,-0.142236,-0.106419,-0.162473,-0.086449,0.0,0.0,0.0,0.0,0.0,0.0,0.0,0.0,0.0,0.0,0.0,0.0
2025-12-10 00:00:00+00:00,0.019038,-0.055596,-0.13776,-0.109434,-0.152689,-0.087288,0.0,0.0,0.0,0.0,0.0,0.0,0.0,0.0,0.0,0.0,0.0,0.0
2025-12-11 00:00:00+00:00,0.009647,-0.058857,-0.15224,-0.123711,-0.174046,-0.099842,0.0,0.0,0.0,0.0,0.0,0.0,0.0,0.0,0.0,0.0,0.0,0.0
2025-12-12 00:00:00+00:00,0.047617,-0.073845,-0.167475,-0.151157,-0.21479,-0.11193,0.0,0.0,0.0,0.0,0.0,0.0,0.0,0.0,0.0,0.0,0.0,0.0
2025-12-13 00:00:00+00:00,0.042313,-0.076797,-0.167261,-0.151157,-0.219786,-0.114538,0.0,0.0,0.0,0.0,0.0,0.0,0.0,0.0,0.0,0.0,0.0,0.0
2025-12-14 00:00:00+00:00,0.064134,-0.080765,-0.169858,-0.149693,-0.219246,-0.111086,0.0,0.0,0.0,0.0,0.0,0.0,0.0,0.0,0.0,0.0,0.0,0.0
2025-12-15 00:00:00+00:00,0.068265,-0.08642,-0.196548,-0.183026,-0.289953,-0.137536,0.0,0.0,0.0,0.0,0.0,0.0,0.0,0.0,0.0,0.0,0.0,0.0
2025-12-16 00:00:00+00:00,0.074916,-0.085386,-0.198342,-0.175299,-0.281746,-0.133171,0.0,0.0,0.0,0.0,0.0,0.0,0.0,0.0,0.0,0.0,0.0,0.0
2025-12-17 00:00:00+00:00,0.010431,-0.079964,-0.240569,-0.202998,-0.30692,-0.164004,0.0,0.0,0.0,0.0,0.0,0.0,0.0,0.0,0.0,0.0,0.0,0.0
2025-12-18 00:00:00+00:00,0.001063,-0.098293,-0.269221,-0.248231,-0.325511,-0.188038,0.0,0.0,0.0,0.0,0.0,0.0,0.0,0.0,0.0,0.0,0.0,0.0
2025-12-19 00:00:00+00:00,0.005463,-0.10041,-0.300647,-0.24527,-0.357716,-0.199716,0.0,0.0,0.0,0.0,0.0,0.0,0.0,0.0,0.0,0.0,0.0,0.0
2025-12-20 00:00:00+00:00,-0.004651,-0.106947,-0.298992,-0.266008,-0.356503,-0.20662,0.0,0.0,0.0,0.0,0.0,0.0,0.0,0.0,0.0,0.0,0.0,0.0
2025-12-21 00:00:00+00:00,-0.016587,-0.109759,-0.310163,-0.288579,-0.38863,-0.222744,0.0,0.0,0.0,0.0,0.0,0.0,0.0,0.0,0.0,0.0,0.0,0.0
2025-12-22 00:00:00+00:00,0.006042,-0.123341,-0.320564,-0.307649,-0.399015,-0.228905,0.0,0.0,0.0,0.0,0.0,0.0,0.0,0.0,0.0,0.0,0.0,0.0
2025-12-23 00:00:00+00:00,0.016066,-0.124478,-0.319161,-0.312791,-0.366312,-0.221335,0.0,0.0,0.0,0.0,0.0,0.0,0.0,0.0,0.0,0.0,0.0,0.0
2025-12-24 00:00:00+00:00,0.006209,-0.133216,-0.320959,-0.311042,-0.36824,-0.22545,0.0,0.0,0.0,0.0,0.0,0.0,0.0,0.0,0.0,0.0,0.0,0.0
2025-12-25 00:00:00+00:00,0.014744,-0.137937,-0.311675,-0.31142,-0.370433,-0.223344,0.0,0.0,0.0,0.0,0.0,0.0,0.0,0.0,0.0,0.0,0.0,0.0
2025-12-26 00:00:00+00:00,0.003296,-0.142173,-0.329994,-0.321978,-0.382442,-0.234658,0.0,0.0,0.0,0.0,0.0,0.0,0.0,0.0,0.0,0.0,0.0,0.0
2025-12-27 00:00:00+00:00,0.011951,-0.142478,-0.329673,-0.319,-0.382442,-0.232328,0.0,0.0,0.0,0.0,0.0,0.0,0.0,0.0,0.0,0.0,0.0,0.0
2025-12-28 00:00:00+00:00,0.017936,-0.1463,-0.328711,-0.31948,-0.382675,-0.231846,0.0,0.0,0.0,0.0,0.0,0.0,0.0,0.0,0.0,0.0,0.0,0.0
2025-12-29 00:00:00+00:00,0.009357,-0.145248,-0.326249,-0.323092,-0.378882,-0.232823,0.0,0.0,0.0,0.0,0.0,0.0,0.0,0.0,0.0,0.0,0.0,0.0
2025-12-30 00:00:00+00:00,0.004658,-0.150652,-0.324713,-0.319345,-0.374336,-0.232878,0.0,0.0,0.0,0.0,0.0,0.0,0.0,0.0,0.0,0.0,0.0,0.0
2025-12-31 00:00:00+00:00,0.004658,-0.163912,-0.331895,-0.323692,-0.378572,-0.238683,0.0,0.0,0.0,0.0,0.0,0.0,0.0,0.0,0.0,0.0,0.0,0.0
2026-01-01 00:00:00+00:00,-0.025713,-0.167751,-0.354432,-0.326441,-0.378254,-0.250518,0.0,0.0,0.0,0.0,0.0,0.0,0.0,0.0,0.0,0.0,0.0,0.0
2026-01-02 00:00:00+00:00,-0.022504,-0.175592,-0.381932,-0.311751,-0.369493,-0.252254,0.0,0.0,0.0,0.0,0.0,0.0,0.0,0.0,0.0,0.0,0.0,0.0
2026-01-03 00:00:00+00:00,-0.005524,-0.176087,-0.394574,-0.321773,-0.367107,-0.253013,0.0,0.0,0.0,0.0,0.0,0.0,0.0,0.0,0.0,0.0,0.0,0.0
2026-01-04 00:00:00+00:00,-0.021026,-0.172414,-0.416033,-0.32574,-0.362442,-0.259531,0.0,0.0,0.0,0.0,0.0,0.0,0.0,0.0,0.0,0.0,0.0,0.0
2026-01-05 00:00:00+00:00,-0.008642,-0.174033,-0.394688,-0.360888,-0.368728,-0.261396,0.0,0.0,0.0,0.0,0.0,0.0,0.0,0.0,0.0,0.0,0.0,0.0
2026-01-06 00:00:00+00:00,0.011472,-0.178693,-0.417016,-0.341938,-0.353378,-0.255911,0.0,0.0,0.0,0.0,0.0,0.0,0.0,0.0,0.0,0.0,0.0,0.0
2026-01-07 00:00:00+00:00,0.014592,-0.175277,-0.41686,-0.357128,-0.371538,-0.261242,0.0,0.0,0.0,0.0,0.0,0.0,0.0,0.0,0.0,0.0,0.0,0.0
2026-01-08 00:00:00+00:00,0.014886,-0.184153,-0.439229,-0.339019,-0.378817,-0.265266,0.0,0.0,0.0,0.0,0.0,0.0,0.0,0.0,0.0,0.0,0.0,0.0
2026-01-09 00:00:00+00:00,0.016779,-0.197285,-0.421808,-0.309341,-0.353466,-0.253024,0.0,0.0,0.0,0.0,0.0,0.0,0.0,0.0,0.0,0.0,0.0,0.0
2026-01-10 00:00:00+00:00,0.004141,-0.203362,-0.420458,-0.306123,-0.353466,-0.255854,0.0,0.0,0.0,0.0,0.0,0.0,0.0,0.0,0.0,0.0,0.0,0.0
2026-01-11 00:00:00+00:00,0.004141,-0.200963,-0.41927,-0.297611,-0.347641,-0.252269,0.0,0.0,0.0,0.0,0.0,0.0,0.0,0.0,0.0,0.0,0.0,0.0
2026-01-12 00:00:00+00:00,0.029141,-0.201067,-0.431227,-0.2999,-0.3452,-0.249651,0.0,0.0,0.0,0.0,0.0,0.0,0.0,0.0,0.0,0.0,0.0,0.0
2026-01-13 00:00:00+00:00,0.029529,-0.204295,-0.440534,-0.307825,-0.346938,-0.254013,0.0,0.0,0.0,0.0,0.0,0.0,0.0,0.0,0.0,0.0,0.0,0.0
2026-01-14 00:00:00+00:00,0.047973,-0.202176,-0.445722,-0.303855,-0.35202,-0.25116,0.0,0.0,0.0,0.0,0.0,0.0,0.0,0.0,0.0,0.0,0.0,0.0
2026-01-15 00:00:00+00:00,0.050859,-0.196019,-0.458047,-0.320166,-0.360812,-0.256837,0.0,0.0,0.0,0.0,0.0,0.0,0.0,0.0,0.0,0.0,0.0,0.0
2026-01-16 00:00:00+00:00,0.050859,-0.204913,-0.466199,-0.340141,-0.362954,-0.26467,0.0,0.0,0.0,0.0,0.0,0.0,0.0,0.0,0.0,0.0,0.0,0.0
2026-01-17 00:00:00+00:00,0.053465,-0.217956,-0.466144,-0.341195,-0.363694,-0.267105,0.0,0.0,0.0,0.0,0.0,0.0,0.0,0.0,0.0,0.0,0.0,0.0
2026-01-18 00:00:00+00:00,0.054675,-0.215716,-0.503299,-0.381949,-0.390569,-0.287372,0.0,0.0,0.0,0.0,0.0,0.0,0.0,0.0,0.0,0.0,0.0,0.0
2026-01-19 00:00:00+00:00,0.06526,-0.231783,-0.546434,-0.424571,-0.418866,-0.311279,0.0,0.0,-0.005289,0.000519,0.0,-0.000954,0.0,0.0,-0.000987,0.000133,0.0,-0.000171
2026-01-20 00:00:00+00:00,0.061769,-0.230735,-0.521578,-0.402538,-0.41745,-0.302106,0.0,0.0,-0.005289,0.000519,0.0,-0.000954,0.0,0.0,-0.000987,0.000133,0.0,-0.000171
2026-01-21 00:00:00+00:00,0.082351,-0.22938,-0.573938,-0.440426,-0.481363,-0.328551,0.0,0.0,-0.005289,0.000519,0.0,-0.000954,0.0,0.0,-0.000987,0.000133,0.0,-0.000171
2026-01-22 00:00:00+00:00,0.096541,-0.227632,-0.572862,-0.439241,-0.482001,-0.325039,0.0,0.0,-0.005289,0.000519,0.0,-0.000954,0.0,0.0,-0.000987,0.000133,0.0,-0.000171
2026-01-23 00:00:00+00:00,0.030562,-0.225688,-0.573207,-0.431622,-0.478488,-0.335689,0.0,0.0,-0.005289,0.000519,0.0,-0.000954,0.0,0.0,-0.000987,0.000133,0.0,-0.000171
2026-01-24 00:00:00+00:00,0.034407,-0.223096,-0.574365,-0.430687,-0.477871,-0.334322,0.0,0.0,-0.005289,0.000519,0.0,-0.000954,0.0,0.0,-0.000987,0.000133,0.0,-0.000171
2026-01-25 00:00:00+00:00,0.039859,-0.225745,-0.579346,-0.438384,-0.50296,-0.341315,0.0,0.0,-0.005289,0.000519,0.0,-0.000954,0.0,0.0,-0.000987,0.000133,0.0,-0.000171
2026-01-26 00:00:00+00:00,-0.050998,-0.233953,-0.581612,-0.408915,-0.52,-0.359096,0.0,0.0,-0.005289,0.000519,0.0,-0.000954,0.0,0.0,-0.000987,0.000133,0.0,-0.000171
2026-01-27 00:00:00+00:00,-0.171992,-0.233962,-0.615334,-0.425782,-0.532556,-0.395925,0.0,0.0,-0.005289,0.000519,0.0,-0.000954,0.0,0.0,-0.000987,0.000133,0.0,-0.000171
2026-01-28 00:00:00+00:00,-0.197823,-0.238614,-0.616204,-0.422127,-0.534827,-0.401919,0.0,0.0,-0.005289,0.000519,0.0,-0.000954,0.0,0.0,-0.000987,0.000133,0.0,-0.000171
2026-01-29 00:00:00+00:00,-0.184675,-0.241409,-0.666915,-0.459275,-0.58659,-0.427773,3.1e-05,0.0,-0.005289,0.000519,0.0,-0.000948,-6.9e-05,0.0,-0.000987,0.000133,0.0,-0.000185
2026-01-30 00:00:00+00:00,-0.301796,-0.242992,-0.664849,-0.45855,-0.605676,-0.454773,-0.002742,0.0,-0.005289,0.000519,0.0,-0.001502,-0.000881,0.0,-0.000987,0.000133,0.0,-0.000347
2026-01-31 00:00:00+00:00,-0.412718,-0.240602,-0.726113,-0.513288,-0.667495,-0.512043,-0.007286,0.0,-0.01511,0.003643,0.0,-0.00375,-0.001743,0.0,-0.002932,0.000908,0.0,-0.000753
2026-02-01 00:00:00+00:00,-0.419275,-0.240602,-0.672421,-0.478808,-0.618093,-0.48584,-0.007286,0.0,0.011264,0.041084,0.024894,0.013991,-0.001743,0.0,0.003978,0.013131,0.007493,0.004572
2026-02-02 00:00:00+00:00,-0.405099,-0.240602,-0.65585,-0.474195,-0.59866,-0.474881,-0.007286,0.0,0.034417,0.058595,0.050047,0.027155,-0.001743,0.0,0.010675,0.018588,0.014624,0.008429
2026-02-03 00:00:00+00:00,-0.474674,-0.240602,-0.713072,-0.507042,-0.628642,-0.512806,-0.007286,0.0,0.003529,0.026681,0.033152,0.011215,-0.001743,0.0,0.000492,0.007371,0.009545,0.003133
2026-02-04 00:00:00+00:00,-0.40734,-0.240602,-0.68564,-0.460709,-0.578789,-0.474616,-0.007286,0.0,0.033789,0.074436,0.052929,0.030774,-0.001743,0.0,0.010225,0.023414,0.015699,0.009519
2026-02-05 00:00:00+00:00,-0.394576,-0.240602,-0.660151,-0.515325,-0.592115,-0.480554,-0.007286,0.0,0.050414,0.011857,0.040964,0.01919,-0.001743,0.0,0.012638,0.005671,0.012784,0.00587
2026-02-06 00:00:00+00:00,-0.458365,-0.240602,-0.700226,-0.571749,-0.625821,-0.519353,-0.007286,0.0,0.00815,-0.017029,0.014666,-0.0003,-0.001743,0.0,-0.002279,-0.009308,0.002874,-0.002091
2026-02-07 00:00:00+00:00,-0.447064,-0.240602,-0.722778,-0.582309,-0.642477,-0.527046,-0.007286,0.0,0.001525,-0.021316,0.016743,-0.002067,-0.001743,0.0,-0.00449,-0.011325,0.003274,-0.002857
2026-02-08 00:00:00+00:00,-0.401907,-0.240602,-0.707615,-0.572461,-0.63606,-0.511729,-0.007286,0.0,0.006026,-0.021316,0.016743,-0.001167,-0.001743,0.0,-0.00291,-0.011325,0.003274,-0.002541
2026-02-09 00:00:00+00:00,-0.402578,-0.240602,-0.676546,-0.575305,-0.628196,-0.504645,-0.007286,0.0,0.007212,-0.015085,0.016743,0.000317,-0.001743,0.0,-0.002482,-0.009057,0.003274,-0.002002
2026-02-10 00:00:00+00:00,-0.429565,-0.240602,-0.681659,-0.579272,-0.621029,-0.510425,-0.007286,0.0,0.006697,-0.014531,0.016743,0.000325,-0.001743,0.0,-0.002653,-0.008811,0.003274,-0.001986
2026-02-11 00:00:00+00:00,-0.457243,-0.240602,-0.675833,-0.818169,-0.619007,-0.562171,-0.007286,0.0,0.004301,-0.106643,0.024363,-0.017053,-0.001743,0.0,-0.003494,-0.039014,0.005234,-0.007804
2026-02-12 00:00:00+00:00,-0.531416,-0.240602,-0.685464,-0.817121,-0.677255,-0.590372,-0.007286,0.0,0.000239,-0.104512,0.015058,-0.0193,-0.001743,0.0,-0.004884,-0.038011,0.002101,-0.008507
2026-02-13 00:00:00+00:00,-0.508801,-0.240602,-0.694142,-0.823764,-0.718446,-0.597151,-0.007286,0.0,0.000239,-0.098069,0.013422,-0.018339,-0.001743,0.0,-0.004884,-0.035463,0.001578,-0.008102
2026-02-14 00:00:00+00:00,-0.53097,-0.240602,-0.749964,-0.856695,-0.749565,-0.625559,-0.007286,0.0,0.005269,-0.102975,0.013422,-0.018314,-0.001743,0.0,-0.003195,-0.037372,0.001578,-0.008146
2026-02-15 00:00:00+00:00,-0.521825,-0.240602,-0.747786,-0.839167,-0.752679,-0.620412,-0.007286,0.0,0.010599,-0.101299,0.014918,-0.016614,-0.001743,0.0,-0.00192,-0.03686,0.002076,-0.007689
2026-02-16 00:00:00+00:00,-0.52498,-0.240602,-0.743182,-0.835033,-0.762732,-0.621306,-0.007286,0.0,0.006849,-0.095816,0.015863,-0.016078,-0.001743,0.0,-0.003084,-0.035047,0.002352,-0.007504
2026-02-17 00:00:00+00:00,-0.555724,-0.240602,-0.751517,-0.829291,-0.799479,-0.635323,-0.007286,0.0,0.011879,-0.090796,0.015367,-0.014167,-0.001743,0.0,-0.001888,-0.032939,0.002261,-0.006862
2026-02-18 00:00:00+00:00,-0.556104,-0.240602,-0.739157,-0.821728,-0.799513,-0.631421,-0.007286,0.0,0.013939,-0.087915,0.015367,-0.013179,-0.001743,0.0,-0.001129,-0.031809,0.002261,-0.006484
2026-02-19 00:00:00+00:00,-0.559379,-0.240602,-0.727335,-0.813628,-0.800706,-0.62833,-0.007286,0.0,0.013939,-0.087915,0.015367,-0.013179,-0.001743,0.0,-0.001129,-0.031809,0.002261,-0.006484
2026-02-20 00:00:00+00:00,-0.541265,-0.240602,-0.713927,-0.786498,-0.824773,-0.621413,-0.007286,0.0,0.019956,-0.088138,0.006343,-0.013825,-0.001743,0.0,0.000995,-0.031881,-0.000811,-0.006688
2026-02-21 00:00:00+00:00,-0.540254,-0.240928,-0.710611,-0.789323,-0.834658,-0.623155,-0.007286,0.0,0.019956,-0.08857,0.006343,-0.013911,-0.001743,0.0,0.000995,-0.032038,-0.000811,-0.006719
2026-02-22 00:00:00+00:00,-0.539103,-0.243543,-0.718603,-0.794152,-0.835482,-0.626177,-0.007286,0.0,0.019956,-0.08857,0.006343,-0.013911,-0.001743,0.0,0.000995,-0.032038,-0.000811,-0.006719
2026-02-23 00:00:00+00:00,-0.577973,-0.252342,-0.741143,-0.844706,-0.877961,-0.658825,-0.007286,0.0,0.022319,-0.109709,0.004488,-0.018038,-0.001743,0.0,0.001864,-0.039485,-0.001418,-0.008156
2026-02-24 00:00:00+00:00,-0.555075,-0.252342,-0.715613,-0.830868,-0.861035,-0.642987,-0.007286,0.0,0.024419,-0.110493,0.006711,-0.01733,-0.001743,0.0,0.002531,-0.039883,-0.000669,-0.007953
2026-02-25 00:00:00+00:00,-0.577118,-0.252342,-0.786908,-0.970799,-0.892022,-0.695838,-0.007286,0.0,0.012349,-0.168319,0.009174,-0.030816,-0.001743,0.0,-0.001746,-0.064753,0.000189,-0.013611
2026-02-26 00:00:00+00:00,-0.602064,-0.252342,-0.794434,-0.996006,-0.915635,-0.712096,-0.007286,0.0,0.020913,-0.176706,0.012928,-0.03003,-0.001743,0.0,0.0009,-0.068849,0.001402,-0.013658
2026-02-27 00:00:00+00:00,-0.629002,-0.252342,-0.793793,-0.985001,-0.931828,-0.718393,-0.007286,0.0,0.020913,-0.168543,0.012928,-0.028398,-0.001743,0.0,0.0009,-0.065655,0.001402,-0.013019
2026-02-28 00:00:00+00:00,-0.632636,-0.252342,-0.787023,-0.984628,-0.925163,-0.716359,-0.007286,0.0,0.012404,-0.175917,0.00278,-0.033604,-0.001743,0.0,-0.002106,-0.068459,-0.001599,-0.014782
2026-03-01 00:00:00+00:00,-0.591461,-0.252342,-0.814038,-1.003468,-0.953641,-0.72299,-0.007286,0.0,0.014258,-0.175813,0.001099,-0.033548,-0.001743,0.0,-0.001113,-0.068434,-0.002166,-0.014691
2026-03-02 00:00:00+00:00,-0.610844,-0.252342,-0.848144,-1.030178,-1.020449,-0.752391,-0.007286,0.0,-0.005631,-0.175813,0.001099,-0.037526,-0.001743,0.0,-0.011356,-0.068434,-0.002166,-0.01674
2026-03-03 00:00:00+00:00,-0.613271,-0.256623,-0.851955,-1.020203,-1.029353,-0.754281,-0.007286,0.0,-0.002928,-0.175813,0.001099,-0.036985,-0.001743,0.0,-0.009913,-0.068434,-0.002166,-0.016451
2026-03-04 00:00:00+00:00,-0.613807,-0.253048,-0.909601,-1.010016,-1.041673,-0.765629,-0.007286,0.0,-0.023828,-0.175813,0.001099,-0.041166,-0.001743,0.0,-0.021319,-0.068434,-0.002166,-0.018732
2026-03-05 00:00:00+00:00,-0.613396,-0.253048,-0.9151,-0.983633,-1.047151,-0.762466,-0.007286,0.0,-0.019698,-0.172703,0.002685,-0.0394,-0.001743,0.0,-0.019496,-0.067163,-0.001594,-0.017999
2026-03-06 00:00:00+00:00,-0.608058,-0.253048,-0.923038,-0.983691,-1.062967,-0.76616,-0.007286,0.0,-0.023237,-0.173009,0.002685,-0.040169,-0.001743,0.0,-0.021118,-0.067287,-0.001594,-0.018348
2026-03-07 00:00:00+00:00,-0.601544,-0.254393,-0.918634,-0.981396,-1.063552,-0.763904,-0.007286,0.0,-0.023237,-0.173009,0.002685,-0.040169,-0.001743,0.0,-0.021118,-0.067287,-0.001594,-0.018348
2026-03-08 00:00:00+00:00,-0.609844,-0.254954,-0.915569,-0.980994,-1.057823,-0.763837,-0.007286,0.0,-0.014205,-0.172488,0.002685,-0.038259,-0.001743,0.0,-0.017573,-0.067107,-0.001594,-0.017603
2026-03-09 00:00:00+00:00,-0.64185,-0.254954,-0.915113,-0.981253,-1.058945,-0.770423,-0.007286,0.0,-0.01331,-0.171793,0.002685,-0.037941,-0.001743,0.0,-0.017132,-0.066819,-0.001594,-0.017458
2026-03-10 00:00:00+00:00,-0.648758,-0.253478,-0.913612,-0.992253,-1.074971,-0.776615,-0.007286,0.0,0.014575,-0.171793,0.002685,-0.032364,-0.001743,0.0,-0.004609,-0.066819,-0.001594,-0.014953
2026-03-11 00:00:00+00:00,-0.643743,-0.233854,-0.916426,-0.992011,-1.08273,-0.773753,-0.007286,0.0,0.020762,-0.171793,0.002685,-0.031126,-0.001743,0.0,-0.001398,-0.066819,-0.001594,-0.014311
2026-03-12 00:00:00+00:00,-0.669472,-0.241971,-0.921323,-0.986269,-1.090947,-0.781997,-0.007286,0.0,0.019985,-0.171793,0.002685,-0.031282,-0.001743,0.0,-0.001707,-0.066819,-0.001594,-0.014373
2026-03-13 00:00:00+00:00,-0.676653,-0.226506,-0.928687,-0.98849,-1.104766,-0.785021,-0.007286,0.0,0.022027,-0.171793,0.002685,-0.030873,-0.001743,0.0,-0.000803,-0.066819,-0.001594,-0.014192
2026-03-14 00:00:00+00:00,-0.674778,-0.22719,-0.926253,-0.988607,-1.105939,-0.784553,-0.007286,0.0,0.022027,-0.171793,0.002685,-0.030873,-0.001743,0.0,-0.000803,-0.066819,-0.001594,-0.014192
2026-03-15 00:00:00+00:00,-0.67478,-0.225142,-0.927639,-0.985043,-1.100815,-0.782684,-0.007286,0.0,0.022027,-0.171793,0.002685,-0.030873,-0.001743,0.0,-0.000803,-0.066819,-0.001594,-0.014192
2026-03-16 00:00:00+00:00,-0.688523,-0.235699,-0.937926,-0.97527,-1.077542,-0.782992,-0.007286,0.0,0.030574,-0.171793,0.002685,-0.029164,-0.001743,0.0,0.002855,-0.066819,-0.001594,-0.01346
2026-03-17 00:00:00+00:00,-0.684586,-0.247858,-0.931264,-0.980389,-1.080253,-0.78487,-0.007286,0.0,0.030574,-0.171793,0.002685,-0.029164,-0.001743,0.0,0.002855,-0.066819,-0.001594,-0.01346
2026-03-18 00:00:00+00:00,-0.687277,-0.236508,-0.939931,-0.988729,-1.079079,-0.786305,-0.007286,0.0,0.02896,-0.171793,0.002685,-0.029487,-0.001743,0.0,0.002227,-0.066819,-0.001594,-0.013586
2026-03-19 00:00:00+00:00,-0.6871,-0.233299,-0.930872,-0.981294,-1.085688,-0.783651,-0.007286,0.0,0.02896,-0.171793,0.002685,-0.029487,-0.001743,0.0,0.002227,-0.066819,-0.001594,-0.013586
2026-03-20 00:00:00+00:00,-0.680012,-0.249675,-0.925271,-0.980006,-1.080507,-0.783094,-0.007286,0.0,0.02896,-0.171793,0.002685,-0.029487,-0.001743,0.0,0.002227,-0.066819,-0.001594,-0.013586
2026-03-21 00:00:00+00:00,-0.680855,-0.25839,-0.930992,-0.98514,-1.085524,-0.78818,-0.007286,0.0,0.027945,-0.172918,0.002685,-0.029915,-0.001743,0.0,0.001832,-0.067232,-0.001594,-0.013747
2026-03-22 00:00:00+00:00,-0.677986,-0.256028,-0.925467,-0.978086,-1.080134,-0.78354,-0.007286,0.0,0.030371,-0.170929,0.002685,-0.029032,-0.001743,0.0,0.002787,-0.066619,-0.001594,-0.013434
2026-03-23 00:00:00+00:00,-0.683328,-0.249344,-0.93077,-0.973706,-1.08189,-0.783808,-0.007286,0.0,0.03176,-0.170929,0.002685,-0.028754,-0.001743,0.0,0.00348,-0.066619,-0.001594,-0.013295
2026-03-24 00:00:00+00:00,-0.701395,-0.245315,-0.936561,-0.973574,-1.088001,-0.788969,-0.007286,0.0,0.028672,-0.170929,0.002685,-0.029372,-0.001743,0.0,0.001927,-0.066619,-0.001594,-0.013606
2026-03-25 00:00:00+00:00,-0.701664,-0.25125,-0.938061,-0.969408,-1.086153,-0.789307,-0.007286,0.0,0.028672,-0.170929,0.002685,-0.029372,-0.001743,0.0,0.001927,-0.066619,-0.001594,-0.013606
2026-03-26 00:00:00+00:00,-0.703147,-0.248385,-0.945281,-0.970369,-1.087136,-0.790864,-0.007286,0.0,0.028672,-0.170929,0.002685,-0.029372,-0.001743,0.0,0.001927,-0.066619,-0.001594,-0.013606
2026-03-27 00:00:00+00:00,-0.70345,-0.257172,-0.942901,-0.972517,-1.095633,-0.794335,-0.007286,0.0,0.028345,-0.170929,0.002685,-0.029437,-0.001743,0.0,0.00178,-0.066619,-0.001594,-0.013635
2026-03-28 00:00:00+00:00,-0.707206,-0.274278,-0.944397,-0.971845,-1.092327,-0.798011,-0.007286,0.0,0.029068,-0.170929,0.002685,-0.029292,-0.001743,0.0,0.002162,-0.066619,-0.001594,-0.013559
2026-03-29 00:00:00+00:00,-0.703189,-0.275016,-0.93689,-0.957506,-1.081428,-0.790806,-0.007286,0.0,0.037879,-0.165568,0.002685,-0.026458,-0.001743,0.0,0.005533,-0.064613,-0.001594,-0.012483
2026-03-30 00:00:00+00:00,-0.686737,-0.270188,-0.932696,-0.959726,-1.068733,-0.783616,-0.007286,0.0,0.040303,-0.165568,0.002685,-0.025973,-0.001743,0.0,0.006756,-0.064613,-0.001594,-0.012239
2026-03-31 00:00:00+00:00,-0.689085,-0.275354,-0.919908,-0.9358,-1.05737,-0.775503,-0.007286,0.0,0.042646,-0.165568,0.002685,-0.025505,-0.001743,0.0,0.007986,-0.064613,-0.001594,-0.011993
2026-04-01 00:00:00+00:00,-0.702861,-0.280071,-0.933965,-0.942829,-1.067128,-0.785371,-0.007286,0.0,0.042646,-0.165568,0.002685,-0.025505,-0.001743,0.0,0.007986,-0.064613,-0.001594,-0.011993
2026-04-02 00:00:00+00:00,-0.710308,-0.288962,-0.943378,-1.027884,-1.096208,-0.813348,-0.007286,0.0,0.042646,-0.192092,-0.000219,-0.03139,-0.001743,0.0,0.007986,-0.075852,-0.002713,-0.014464
2026-04-03 00:00:00+00:00,-0.710308,-0.288819,-0.940521,-1.032854,-1.0957,-0.81364,-0.007286,0.0,0.042646,-0.190197,-0.000219,-0.031011,-0.001743,0.0,0.007986,-0.074891,-0.002713,-0.014272
2026-04-04 00:00:00+00:00,-0.710308,-0.284356,-0.937762,-1.028701,-1.092588,-0.810743,-0.007286,0.0,0.042646,-0.190197,-0.000219,-0.031011,-0.001743,0.0,0.007986,-0.074891,-0.002713,-0.014272
2026-04-05 00:00:00+00:00,-0.710119,-0.280396,-0.943273,-1.030708,-1.101579,-0.813215,-0.007286,0.0,0.042646,-0.191838,-0.000219,-0.031339,-0.001743,0.0,0.007986,-0.075794,-0.002713,-0.014453
2026-04-06 00:00:00+00:00,-0.717851,-0.287346,-0.953677,-1.029027,-1.116668,-0.820914,-0.007286,0.0,0.042646,-0.192263,-0.000219,-0.031425,-0.001743,0.0,0.007986,-0.076022,-0.002713,-0.014498
2026-04-07 00:00:00+00:00,-0.739566,-0.284925,-0.973322,-1.058972,-1.209593,-0.853276,-0.007286,0.0,0.042646,-0.204199,-0.01446,-0.03666,-0.001743,0.0,0.007986,-0.082423,-0.008678,-0.016972
2026-04-08 00:00:00+00:00,-0.700042,-0.27863,-0.987056,-1.077234,-1.220948,-0.852782,-0.007286,0.0,0.042646,-0.20771,-0.015029,-0.037476,-0.001743,0.0,0.007986,-0.084201,-0.008916,-0.017375
2026-04-09 00:00:00+00:00,-0.696469,-0.27863,-1.002776,-1.085943,-1.214547,-0.855673,-0.007286,0.0,0.042646,-0.208559,-0.014359,-0.037511,-0.001743,0.0,0.007986,-0.084882,-0.008641,-0.017456
2026-04-10 00:00:00+00:00,-0.68849,-0.283986,-1.007086,-1.089304,-1.21696,-0.857165,-0.007286,0.0,0.042646,-0.208559,-0.014359,-0.037511,-0.001743,0.0,0.007986,-0.084882,-0.008641,-0.017456
2026-04-11 00:00:00+00:00,-0.68774,-0.287314,-1.012381,-1.092438,-1.227993,-0.861573,-0.007286,0.0,0.042646,-0.208559,-0.014359,-0.037511,-0.001743,0.0,0.007986,-0.084882,-0.008641,-0.017456
2026-04-12 00:00:00+00:00,-0.698431,-0.287314,-1.018617,-1.100492,-1.249132,-0.870797,-0.007286,0.0,0.042646,-0.211283,-0.0242,-0.040024,-0.001743,0.0,0.007986,-0.085938,-0.012256,-0.01839
2026-04-13 00:00:00+00:00,-0.703164,-0.294072,-1.021345,-1.108461,-1.271828,-0.879774,-0.007286,0.0,0.042646,-0.210055,-0.022762,-0.039491,-0.001743,0.0,0.007986,-0.085156,-0.011706,-0.018124
2026-04-14 00:00:00+00:00,-0.715997,-0.293373,-1.038548,-1.109855,-1.285487,-0.888652,-0.007286,0.0,0.042646,-0.209723,-0.020186,-0.03891,-0.001743,0.0,0.007986,-0.085036,-0.010631,-0.017885
2026-04-15 00:00:00+00:00,-0.708201,-0.291069,-1.04265,-1.11545,-1.31593,-0.89466,-0.007286,0.0,0.042646,-0.209723,-0.022559,-0.039384,-0.001743,0.0,0.007986,-0.085036,-0.011262,-0.018011
2026-04-16 00:00:00+00:00,-0.703606,-0.291362,-1.086655,-1.165097,-1.389911,-0.927326,-0.007286,0.0,0.043036,-0.227555,-0.03458,-0.045277,-0.001743,0.0,0.008109,-0.093169,-0.015474,-0.020455
2026-04-17 00:00:00+00:00,-0.709614,-0.291294,-1.107608,-1.173836,-1.399275,-0.936326,-0.007286,0.0,0.043036,-0.216225,-0.026242,-0.041343,-0.001743,0.0,0.008109,-0.087916,-0.011942,-0.018698
2026-04-18 00:00:00+00:00,-0.709839,-0.291703,-1.11264,-1.168497,-1.389011,-0.934338,-0.007286,0.0,0.043036,-0.216225,0.001871,-0.035721,-0.001743,0.0,0.008109,-0.087916,-0.001171,-0.016544
2026-04-19 00:00:00+00:00,-0.732123,-0.294929,-1.105769,-1.174147,-1.439928,-0.949379,-0.007286,0.0,0.043036,-0.215025,0.009694,-0.033916,-0.001743,0.0,0.008109,-0.087199,0.001976,-0.015771
2026-04-20 00:00:00+00:00,-0.722458,-0.295568,-1.098861,-1.163079,-1.47925,-0.951843,-0.007286,0.0,0.043036,-0.210163,0.013727,-0.032137,-0.001743,0.0,0.008109,-0.084958,0.003769,-0.014965
2026-04-21 00:00:00+00:00,-0.711219,-0.289336,-1.095706,-1.158707,-1.496497,-0.950293,-0.007286,0.0,0.043036,-0.207538,0.015997,-0.031158,-0.001743,0.0,0.008109,-0.083673,0.004611,-0.014539
2026-04-22 00:00:00+00:00,-0.709286,-0.289336,-1.107827,-1.170994,-1.517003,-0.958889,-0.007286,0.0,0.043036,-0.207538,0.015997,-0.031158,-0.001743,0.0,0.008109,-0.083673,0.004611,-0.014539
2026-04-23 00:00:00+00:00,-0.708318,-0.291893,-1.10528,-1.17396,-1.519799,-0.95985,-0.007286,0.0,0.043036,-0.207538,0.015997,-0.031158,-0.001743,0.0,0.008109,-0.083673,0.004611,-0.014539
2026-04-24 00:00:00+00:00,-0.708318,-0.296674,-1.108283,-1.174166,-1.53182,-0.963852,-0.007286,0.0,0.043036,-0.207538,0.015997,-0.031158,-0.001743,0.0,0.008109,-0.083673,0.004611,-0.014539
2026-04-25 00:00:00+00:00,-0.708318,-0.299564,-1.107455,-1.173953,-1.528105,-0.963479,-0.007286,0.0,0.043036,-0.207538,0.015997,-0.031158,-0.001743,0.0,0.008109,-0.083673,0.004611,-0.014539
2026-04-26 00:00:00+00:00,-0.708318,-0.300648,-1.108222,-1.17533,-1.526922,-0.963888,-0.007286,0.0,0.043036,-0.207538,0.015997,-0.031158,-0.001743,0.0,0.008109,-0.083673,0.004611,-0.014539
2026-04-27 00:00:00+00:00,-0.703587,-0.293272,-1.116636,-1.198042,-1.538764,-0.97006,-0.007286,0.0,0.043036,-0.208311,0.019638,-0.030585,-0.001743,0.0,0.008109,-0.08421,0.006124,-0.014344
2026-04-28 00:00:00+00:00,-0.699554,-0.303836,-1.113476,-1.195933,-1.528876,-0.968335,-0.007286,0.0,0.043036,-0.208311,0.019638,-0.030585,-0.001743,0.0,0.008109,-0.08421,0.006124,-0.014344
2026-04-29 00:00:00+00:00,-0.698055,-0.303836,-1.161072,-1.210303,-1.541918,-0.983037,-0.007286,0.0,0.043642,-0.209348,0.019777,-0.030643,-0.001743,0.0,0.008283,-0.084602,0.006173,-0.014378
2026-04-30 00:00:00+00:00,-0.694433,-0.305949,-1.187507,-1.211709,-1.539028,-0.987725,-0.007286,0.0,0.035873,-0.209348,0.019777,-0.032197,-0.001743,0.0,0.005778,-0.084602,0.006173,-0.014879
2026-05-01 00:00:00+00:00,-0.696321,-0.305336,-1.194004,-1.215745,-1.540656,-0.990413,-0.007286,0.0,0.035873,-0.209348,0.019777,-0.032197,-0.001743,0.0,0.005778,-0.084602,0.006173,-0.014879
2026-05-02 00:00:00+00:00,-0.69755,-0.311191,-1.193804,-1.215934,-1.540165,-0.991729,-0.007286,0.0,0.035873,-0.209348,0.019777,-0.032197,-0.001743,0.0,0.005778,-0.084602,0.006173,-0.014879
2026-05-03 00:00:00+00:00,-0.69755,-0.287376,-1.19803,-1.214602,-1.545246,-0.988561,-0.007286,0.0,0.035873,-0.209348,0.019777,-0.032197,-0.001743,0.0,0.005778,-0.084602,0.006173,-0.014879
2026-05-04 00:00:00+00:00,-0.699802,-0.282931,-1.228904,-1.237629,-1.546649,-0.999183,-0.007286,0.0,0.035873,-0.209348,0.019777,-0.032197,-0.001743,0.0,0.005778,-0.084602,0.006173,-0.014879
2026-05-05 00:00:00+00:00,-0.705413,-0.291228,-1.24013,-1.235787,-1.543747,-1.003261,-0.007286,0.0,0.035873,-0.209348,0.019777,-0.032197,-0.001743,0.0,0.005778,-0.084602,0.006173,-0.014879
2026-05-06 00:00:00+00:00,-0.712604,-0.286062,-1.243961,-1.253532,-1.553152,-1.009862,-0.007286,0.0,0.035873,-0.209348,0.019777,-0.032197,-0.001743,0.0,0.005778,-0.084602,0.006173,-0.014879
2026-05-07 00:00:00+00:00,-0.706132,-0.28568,-1.249221,-1.278274,-1.553399,-1.014541,-0.007286,0.0,0.035873,-0.209348,0.019777,-0.032197,-0.001743,0.0,0.005778,-0.084602,0.006173,-0.014879
2026-05-08 00:00:00+00:00,-0.707235,-0.288144,-1.259805,-1.274722,-1.563115,-1.018604,-0.007286,0.0,0.035873,-0.211649,0.019777,-0.032657,-0.001743,0.0,0.005778,-0.08513,0.006173,-0.014984
2026-05-09 00:00:00+00:00,-0.710338,-0.290761,-1.26144,-1.292239,-1.564444,-1.023844,-0.007286,0.0,0.035873,-0.211649,0.019777,-0.032657,-0.001743,0.0,0.005778,-0.08513,0.006173,-0.014984
2026-05-10 00:00:00+00:00,-0.69785,-0.292962,-1.299724,-1.389037,-1.614882,-1.058891,-0.007286,0.0,0.035873,-0.221515,0.019777,-0.03463,-0.001743,0.0,0.005778,-0.087437,0.006173,-0.015446
2026-05-11 00:00:00+00:00,-0.69576,-0.292655,-1.286559,-1.388022,-1.629371,-1.058473,-0.007286,0.0,0.035873,-0.221515,0.019777,-0.03463,-0.001743,0.0,0.005778,-0.087437,0.006173,-0.015446
2026-05-12 00:00:00+00:00,-0.697367,-0.301937,-1.28174,-1.397317,-1.635563,-1.062785,-0.007286,0.0,0.035873,-0.221515,0.019777,-0.03463,-0.001743,0.0,0.005778,-0.087437,0.006173,-0.015446
2026-05-13 00:00:00+00:00,-0.697144,-0.30923,-1.324215,-1.419944,-1.650834,-1.080274,-0.007286,0.0,0.035873,-0.221515,0.019777,-0.03463,-0.001743,0.0,0.005778,-0.087437,0.006173,-0.015446
2026-05-14 00:00:00+00:00,-0.776545,-0.324884,-1.327858,-1.430805,-1.661721,-1.104363,-0.007286,0.0,0.035873,-0.221515,0.019777,-0.03463,-0.001743,0.0,0.005778,-0.087437,0.006173,-0.015446
2026-05-15 00:00:00+00:00,-0.776975,-0.324884,-1.350896,-1.441492,-1.667361,-1.112322,-0.007286,0.0,0.035873,-0.221515,0.019777,-0.03463,-0.001743,0.0,0.005778,-0.087437,0.006173,-0.015446
2026-05-16 00:00:00+00:00,-0.836007,-0.324884,-1.357926,-1.462544,-1.664379,-1.129148,-0.007286,0.0,0.035873,-0.221515,0.019777,-0.03463,-0.001743,0.0,0.005778,-0.087437,0.006173,-0.015446
2026-05-17 00:00:00+00:00,-0.868076,-0.325309,-1.375242,-1.47703,-1.662397,-1.141611,-0.007286,0.0,0.035873,-0.219026,0.019777,-0.034132,-0.001743,0.0,0.005778,-0.086874,0.006173,-0.015333
2026-05-18 00:00:00+00:00,-0.826518,-0.325309,-1.416355,-1.500576,-1.684948,-1.150741,-0.007286,0.0,0.035873,-0.219659,0.019777,-0.034259,-0.001743,0.0,0.005778,-0.087018,0.006173,-0.015362
2026-05-19 00:00:00+00:00,-0.800677,-0.325309,-1.412035,-1.494413,-1.68652,-1.143791,-0.007286,0.0,0.035873,-0.219659,0.019777,-0.034259,-0.001743,0.0,0.005778,-0.087018,0.006173,-0.015362
2026-05-20 00:00:00+00:00,-0.875949,-0.325309,-1.410322,-1.499976,-1.691166,-1.160544,-0.007286,0.0,0.035873,-0.219659,0.019777,-0.034259,-0.001743,0.0,0.005778,-0.087018,0.006173,-0.015362
2026-05-21 00:00:00+00:00,-0.929206,-0.325309,-1.415936,-1.5221,-1.689013,-1.176313,-0.007286,0.0,0.035873,-0.219659,0.019777,-0.034259,-0.001743,0.0,0.005778,-0.087018,0.006173,-0.015362
2026-05-22 00:00:00+00:00,-0.990091,-0.322126,-1.427879,-1.542924,-1.699651,-1.196534,-0.007286,0.0,0.035873,-0.219659,0.019777,-0.034259,-0.001743,0.0,0.005778,-0.087018,0.006173,-0.015362
2026-05-23 00:00:00+00:00,-1.002088,-0.322126,-1.451865,-1.559113,-1.71977,-1.210992,-0.007286,0.0,0.035873,-0.217987,0.019777,-0.033924,-0.001743,0.0,0.005778,-0.086626,0.006173,-0.015283
2026-05-24 00:00:00+00:00,-0.995719,-0.323874,-1.451413,-1.547821,-1.719816,-1.207728,-0.007286,0.0,0.035873,-0.217987,0.019777,-0.033924,-0.001743,0.0,0.005778,-0.086626,0.006173,-0.015283
2026-05-25 00:00:00+00:00,-0.965766,-0.34305,-1.451982,-1.544304,-1.722325,-1.205485,-0.007286,0.0,0.035873,-0.217987,0.019777,-0.033924,-0.001743,0.0,0.005778,-0.086626,0.006173,-0.015283
2026-05-26 00:00:00+00:00,-1.003909,-0.342075,-1.461069,-1.553941,-1.729588,-1.218116,-0.007286,0.0,0.035873,-0.217987,0.019777,-0.033924,-0.001743,0.0,0.005778,-0.086626,0.006173,-0.015283
2026-05-27 00:00:00+00:00,-1.051507,-0.342075,-1.469937,-1.601786,-1.727444,-1.23855,-0.007286,0.0,0.035873,-0.217987,0.019777,-0.033924,-0.001743,0.0,0.005778,-0.086626,0.006173,-0.015283
2026-05-28 00:00:00+00:00,-1.073542,-0.353954,-1.491116,-1.621726,-1.751979,-1.258463,-0.007286,0.0,0.035873,-0.217987,0.019777,-0.033924,-0.001743,0.0,0.005778,-0.086626,0.006173,-0.015283
2026-05-29 00:00:00+00:00,-1.105089,-0.336667,-1.500549,-1.642516,-1.774841,-1.271932,-0.007286,0.0,0.035873,-0.217987,0.019777,-0.033924,-0.001743,0.0,0.005778,-0.086626,0.006173,-0.015283
2026-05-30 00:00:00+00:00,-1.067468,-0.336667,-1.508925,-1.654894,-1.77721,-1.269033,-0.007286,0.0,0.035873,-0.217987,0.019777,-0.033924,-0.001743,0.0,0.005778,-0.086626,0.006173,-0.015283
2026-05-31 00:00:00+00:00,-1.070287,-0.334465,-1.511222,-1.668528,-1.780016,-1.272903,-0.007286,0.0,0.035873,-0.217987,0.019777,-0.033924,-0.001743,0.0,0.005778,-0.086626,0.006173,-0.015283
2026-06-01 00:00:00+00:00,-1.014772,-0.334465,-1.528207,-1.662982,-1.785483,-1.265182,-0.007286,0.0,0.035873,-0.217987,0.019777,-0.033924,-0.001743,0.0,0.005778,-0.086626,0.006173,-0.015283
2026-06-02 00:00:00+00:00,-0.983558,-0.334465,-1.537595,-1.663949,-1.793942,-1.262702,-0.007286,0.0,0.035873,-0.217987,0.019777,-0.033924,-0.001743,0.0,0.005778,-0.086626,0.006173,-0.015283
2026-06-03 00:00:00+00:00,-0.966658,-0.336815,-1.530201,-1.67655,-1.796473,-1.261339,-0.007286,0.0,0.035873,-0.217987,0.019777,-0.033924,-0.001743,0.0,0.005778,-0.086626,0.006173,-0.015283
2026-06-04 00:00:00+00:00,-0.989282,-0.336837,-1.521107,-1.628385,-1.76012,-1.247146,-0.007286,0.0,0.053,-0.217987,0.036445,-0.027165,-0.001743,0.0,0.008848,-0.086626,0.008627,-0.014179
2026-06-05 00:00:00+00:00,-1.003783,-0.301102,-1.530961,-1.637433,-1.827479,-1.260152,-0.007286,0.0,0.065954,-0.217987,0.061484,-0.019567,-0.001743,0.0,0.010813,-0.086626,0.011634,-0.013185
2026-06-06 00:00:00+00:00,-1.016845,-0.317991,-1.54481,-1.67323,-1.85756,-1.282087,-0.007286,0.0,0.063714,-0.217987,0.061084,-0.020095,-0.001743,0.0,0.010213,-0.086626,0.011588,-0.013313
2026-06-07 00:00:00+00:00,-1.003724,-0.329639,-1.590546,-1.697188,-1.88848,-1.301915,-0.007286,0.0,0.063714,-0.217987,0.061084,-0.020095,-0.001743,0.0,0.010213,-0.086626,0.011588,-0.013313
2026-06-08 00:00:00+00:00,-0.99866,-0.329639,-1.603786,-1.713248,-1.897651,-1.308597,-0.007286,0.0,0.063714,-0.217987,0.061084,-0.020095,-0.001743,0.0,0.010213,-0.086626,0.011588,-0.013313
2026-06-09 00:00:00+00:00,-0.998098,-0.329639,-1.607946,-1.722485,-1.899681,-1.31157,-0.007286,0.0,0.063714,-0.217987,0.061084,-0.020095,-0.001743,0.0,0.010213,-0.086626,0.011588,-0.013313
2026-06-10 00:00:00+00:00,-1.038519,-0.329639,-1.609122,-1.733836,-1.913655,-1.324954,-0.007286,0.0,0.063714,-0.217987,0.061084,-0.020095,-0.001743,0.0,0.010213,-0.086626,0.011588,-0.013313
2026-06-11 00:00:00+00:00,-1.033426,-0.341604,-1.612227,-1.741425,-1.911985,-1.328133,-0.007286,0.0,0.063714,-0.217987,0.061084,-0.020095,-0.001743,0.0,0.010213,-0.086626,0.011588,-0.013313
2026-06-12 00:00:00+00:00,-1.037931,-0.338851,-1.674309,-1.755672,-1.934324,-1.348217,-0.007286,0.0,0.062565,-0.217987,0.061084,-0.020325,-0.001743,0.0,0.009912,-0.086626,0.011588,-0.013374
2026-06-13 00:00:00+00:00,-1.024063,-0.346346,-1.675759,-1.76219,-1.943555,-1.350383,-0.007286,0.0,0.062565,-0.217987,0.061084,-0.020325,-0.001743,0.0,0.009912,-0.086626,0.011588,-0.013374
2026-06-14 00:00:00+00:00,-1.048274,-0.336194,-1.682972,-1.773199,-1.954418,-1.359011,-0.007286,0.0,0.062565,-0.217987,0.061084,-0.020325,-0.001743,0.0,0.009912,-0.086626,0.011588,-0.013374
2026-06-15 00:00:00+00:00,-1.045208,-0.342131,-1.690329,-1.766383,-1.912478,-1.351306,-0.007286,0.0,0.062565,-0.217987,0.061084,-0.020325,-0.001743,0.0,0.009912,-0.086626,0.011588,-0.013374
2026-06-16 00:00:00+00:00,-1.096912,-0.342131,-1.705524,-1.816553,-1.954516,-1.383127,-0.007286,0.0,0.062565,-0.217987,0.061084,-0.020325,-0.001743,0.0,0.009912,-0.086626,0.011588,-0.013374
2026-06-17 00:00:00+00:00,-1.156175,-0.338551,-1.729861,-1.913702,-1.973028,-1.422263,-0.007286,0.0,0.062565,-0.217987,0.061084,-0.020325,-0.001743,0.0,0.009912,-0.086626,0.011588,-0.013374
2026-06-18 00:00:00+00:00,-1.145216,-0.338551,-1.758388,-2.016771,-2.034377,-1.458661,-0.007286,0.0,0.062565,-0.217987,0.061084,-0.020325,-0.001743,0.0,0.009912,-0.086626,0.011588,-0.013374
2026-06-19 00:00:00+00:00,-1.127203,-0.338551,-1.762708,-2.024323,-2.044991,-1.459555,-0.007286,0.0,0.062565,-0.217987,0.061084,-0.020325,-0.001743,0.0,0.009912,-0.086626,0.011588,-0.013374
2026-06-20 00:00:00+00:00,-1.100595,-0.338551,-1.7644,-2.021389,-2.099917,-1.464971,-0.007286,0.0,0.062565,-0.217987,0.061084,-0.020325,-0.001743,0.0,0.009912,-0.086626,0.011588,-0.013374
2026-06-21 00:00:00+00:00,-1.100129,-0.335552,-1.764962,-2.039928,-2.111988,-1.470512,-0.007286,0.0,0.062565,-0.217987,0.061084,-0.020325,-0.001743,0.0,0.009912,-0.086626,0.011588,-0.013374
2026-06-22 00:00:00+00:00,-1.07617,-0.318495,-1.776599,-2.074742,-2.154375,-1.480076,-0.007286,0.0,0.062565,-0.217987,0.061084,-0.020325,-0.001743,0.0,0.009912,-0.086626,0.011588,-0.013374
2026-06-23 00:00:00+00:00,-1.113566,-0.318495,-1.789377,-2.083951,-2.203284,-1.501735,-0.007286,0.0,0.062565,-0.217987,0.061084,-0.020325,-0.001743,0.0,0.009912,-0.086626,0.011588,-0.013374
2026-06-24 00:00:00+00:00,-1.134955,-0.318495,-1.8179,-2.112935,-2.208831,-1.518623,-0.007286,0.0,0.062565,-0.217987,0.061084,-0.020325,-0.001743,0.0,0.009912,-0.086626,0.011588,-0.013374
2026-06-25 00:00:00+00:00,-1.127188,-0.318495,-1.884312,-2.153209,-2.25445,-1.547531,-0.007286,0.0,0.068188,-0.217987,0.070517,-0.017313,-0.001743,0.0,0.010908,-0.086626,0.013016,-0.012889
2026-06-26 00:00:00+00:00,-1.100629,-0.318495,-1.904278,-2.183636,-2.326155,-1.566639,-0.007286,0.0,0.068188,-0.217987,0.070517,-0.017313,-0.001743,0.0,0.010908,-0.086626,0.013016,-0.012889
2026-06-27 00:00:00+00:00,-1.104145,-0.318495,-1.910064,-2.195684,-2.371576,-1.579993,-0.007286,0.0,0.068188,-0.217987,0.070517,-0.017313,-0.001743,0.0,0.010908,-0.086626,0.013016,-0.012889
2026-06-28 00:00:00+00:00,-1.095005,-0.327059,-1.910558,-2.201512,-2.378852,-1.582597,-0.007286,0.0,0.068188,-0.217987,0.070517,-0.017313,-0.001743,0.0,0.010908,-0.086626,0.013016,-0.012889
2026-06-29 00:00:00+00:00,-1.077248,-0.326901,-1.909532,-2.202749,-2.432611,-1.589808,-0.007286,0.0,0.068188,-0.217987,0.070517,-0.017313,-0.001743,0.0,0.010908,-0.086626,0.013016,-0.012889
2026-06-30 00:00:00+00:00,-1.072601,-0.326901,-1.928578,-2.208135,-2.452965,-1.597836,-0.007286,0.0,0.068188,-0.217987,0.070517,-0.017313,-0.001743,0.0,0.010908,-0.086626,0.013016,-0.012889
2026-07-01 00:00:00+00:00,-1.059157,-0.326901,-1.942155,-2.209874,-2.454824,-1.598582,-0.007286,0.0,0.068188,-0.217987,0.070517,-0.017313,-0.001743,0.0,0.010908,-0.086626,0.013016,-0.012889
2026-07-02 00:00:00+00:00,-1.056615,-0.326901,-1.946684,-2.274521,-2.460724,-1.613089,-0.007286,0.0,0.068188,-0.217987,0.070517,-0.017313,-0.001743,0.0,0.010908,-0.086626,0.013016,-0.012889
2026-07-03 00:00:00+00:00,-1.056091,-0.322227,-1.944806,-2.264538,-2.452436,-1.60802,-0.007286,0.0,0.068188,-0.217987,0.070517,-0.017313,-0.001743,0.0,0.010908,-0.086626,0.013016,-0.012889
2026-07-04 00:00:00+00:00,-1.056091,-0.32731,-1.953448,-2.265368,-2.453527,-1.611149,-0.007286,0.0,0.068188,-0.217987,0.070517,-0.017313,-0.001743,0.0,0.010908,-0.086626,0.013016,-0.012889
2026-07-05 00:00:00+00:00,-1.056028,-0.314926,-1.959294,-2.262444,-2.444566,-1.607451,-0.007286,0.0,0.068188,-0.217987,0.070517,-0.017313,-0.001743,0.0,0.010908,-0.086626,0.013016,-0.012889
2026-07-06 00:00:00+00:00,-1.057984,-0.314926,-1.973512,-2.262549,-2.469733,-1.615741,-0.007286,0.0,0.068188,-0.217987,0.070517,-0.017313,-0.001743,0.0,0.010908,-0.086626,0.013016,-0.012889
2026-07-07 00:00:00+00:00,-1.055004,-0.314926,-1.98645,-2.253226,-2.500827,-1.622086,-0.007286,0.0,0.068188,-0.217987,0.070517,-0.017313,-0.001743,0.0,0.010908,-0.086626,0.013016,-0.012889
2026-07-08 00:00:00+00:00,-1.048888,-0.320229,-2.001301,-2.281135,-2.517559,-1.633822,-0.007286,0.0,0.068188,-0.217987,0.070517,-0.017313,-0.001743,0.0,0.010908,-0.086626,0.013016,-0.012889
2026-07-09 00:00:00+00:00,-1.048888,-0.320277,-1.990519,-2.297015,-2.501264,-1.631592,-0.007286,0.0,0.068188,-0.217987,0.070517,-0.017313,-0.001743,0.0,0.010908,-0.086626,0.013016,-0.012889
2026-07-10 00:00:00+00:00,-1.048888,-0.320277,-1.995238,-2.332906,-2.523575,-1.644177,-0.007286,0.0,0.068188,-0.217987,0.070517,-0.017313,-0.001743,0.0,0.010908,-0.086626,0.013016,-0.012889
2026-07-11 00:00:00+00:00,-1.048888,-0.322273,-2.00547,-2.366039,-2.526323,-1.653798,-0.007286,0.0,0.068188,-0.217987,0.070517,-0.017313,-0.001743,0.0,0.010908,-0.086626,0.013016,-0.012889
2026-07-12 00:00:00+00:00,-1.048888,-0.317226,-2.013887,-2.365142,-2.53255,-1.655539,-0.007286,0.0,0.068188,-0.217987,0.070517,-0.017313,-0.001743,0.0,0.010908,-0.086626,0.013016,-0.012889
2026-07-13 00:00:00+00:00,-1.045864,-0.330321,-2.006268,-2.366544,-2.535478,-1.656895,-0.007286,0.0,0.068188,-0.217987,0.070517,-0.017313,-0.001743,0.0,0.010908,-0.086626,0.013016,-0.012889
2026-07-14 00:00:00+00:00,-1.04572,-0.330321,-2.010111,-2.375801,-2.536854,-1.659761,-0.007286,0.0,0.068188,-0.217987,0.070517,-0.017313,-0.001743,0.0,0.010908,-0.086626,0.013016,-0.012889
2026-07-15 00:00:00+00:00,-1.042045,-0.330321,-2.02242,-2.383579,-2.542056,-1.664084,-0.007286,0.0,0.068188,-0.217987,0.070517,-0.017313,-0.001743,0.0,0.010908,-0.086626,0.013016,-0.012889
2026-07-16 00:00:00+00:00,-1.05366,-0.330321,-2.019485,-2.401407,-2.541806,-1.669336,-0.007286,0.0,0.068188,-0.217987,0.070517,-0.017313,-0.001743,0.0,0.010908,-0.086626,0.013016,-0.012889
2026-07-17 00:00:00+00:00,-1.034927,-0.332281,-2.029192,-2.403274,-2.543229,-1.66858,-0.007286,0.0,0.068188,-0.217987,0.070517,-0.017313,-0.001743,0.0,0.010908,-0.086626,0.013016,-0.012889
2026-07-18 00:00:00+00:00,-1.034927,-0.324918,-2.028514,-2.407301,-2.543737,-1.667879,-0.007286,0.0,0.068188,-0.217987,0.070517,-0.017313,-0.001743,0.0,0.010908,-0.086626,0.013016,-0.012889
2026-07-19 00:00:00+00:00,-1.034927,-0.322412,-2.029577,-2.4073,-2.543106,-1.667464,-0.007286,0.0,0.068188,-0.217987,0.070517,-0.017313,-0.001743,0.0,0.010908,-0.086626,0.013016,-0.012889
2026-07-20 00:00:00+00:00,-1.034358,-0.322298,-2.039698,-2.411162,-2.540954,-1.669694,-0.007286,0.0,0.068188,-0.217987,0.070517,-0.017313,-0.001743,0.0,0.010908,-0.086626,0.013016,-0.012889
2026-07-21 00:00:00+00:00,-1.031884,-0.313808,-2.039341,-2.414464,-2.542109,-1.668321,-0.007286,0.0,0.068188,-0.217987,0.070517,-0.017313,-0.001743,0.0,0.010908,-0.086626,0.013016,-0.012889
2026-07-22 00:00:00+00:00,-1.029053,-0.316356,-2.046807,-2.419986,-2.531748,-1.66879,-0.007286,0.0,0.068188,-0.217987,0.070517,-0.017313,-0.001743,0.0,0.010908,-0.086626,0.013016,-0.012889
2026-07-23 00:00:00+00:00,-1.029164,-0.316325,-2.066904,-2.415306,-2.527664,-1.671072,-0.007286,0.0,0.068188,-0.217987,0.070517,-0.017313,-0.001743,0.0,0.010908,-0.086626,0.013016,-0.012889
2026-07-24 00:00:00+00:00,-1.024156,-0.309988,-2.072503,-2.424453,-2.529212,-1.672062,-0.007286,0.0,0.068188,-0.217987,0.070517,-0.017313,-0.001743,0.0,0.010908,-0.086626,0.013016,-0.012889
2026-07-25 00:00:00+00:00,-1.024156,-0.30154,-2.092332,-2.422244,-2.533379,-1.67473,-0.007286,0.0,0.068188,-0.217987,0.070517,-0.017313,-0.001743,0.0,0.010908,-0.086626,0.013016,-0.012889
2026-07-26 00:00:00+00:00,-1.024156,-0.300492,-2.097243,-2.454705,-2.562535,-1.687826,-0.007286,0.0,0.068188,-0.217987,0.070517,-0.017313,-0.001743,0.0,0.010908,-0.086626,0.013016,-0.012889
2026-07-27 00:00:00+00:00,-1.03336,-0.323505,-2.110514,-2.455234,-2.553941,-1.695311,-0.007286,0.0,0.068188,-0.217987,0.070517,-0.017313,-0.001743,0.0,0.010908,-0.086626,0.013016,-0.012889
2026-07-28 00:00:00+00:00,-1.030377,-0.323212,-2.116176,-2.454269,-2.56256,-1.697319,-0.007286,0.0,0.068188,-0.217987,0.070517,-0.017313,-0.001743,0.0,0.010908,-0.086626,0.013016,-0.012889
2026-07-29 00:00:00+00:00,-1.022553,-0.320071,-2.12259,-2.484631,-2.576822,-1.705333,-0.007286,0.0,0.068188,-0.217987,0.070517,-0.017313,-0.001743,0.0,0.010908,-0.086626,0.013016,-0.012889
2026-07-30 00:00:00+00:00,-1.023462,-0.311021,-2.122,-2.500451,-2.578346,-1.707056,-0.007286,0.0,0.068188,-0.217987,0.070517,-0.017313,-0.001743,0.0,0.010908,-0.086626,0.013016,-0.012889
2026-07-31 00:00:00+00:00,-1.025657,-0.318916,-2.121926,-2.521882,-2.583131,-1.714302,-0.007286,0.0,0.068188,-0.217987,0.070517,-0.017313,-0.001743,0.0,0.010908,-0.086626,0.013016,-0.012889
2026-08-01 00:00:00+00:00,-1.029547,-0.32328,-2.134241,-2.537482,-2.577763,-1.720462,-0.007286,0.0,0.068188,-0.217987,0.070517,-0.017313,-0.001743,0.0,0.010908,-0.086626,0.013016,-0.012889
2026-08-02 00:00:00+00:00,-1.030764,-0.32328,-2.138492,-2.546943,-2.575111,-1.722918,-0.007286,0.0,0.068188,-0.217987,0.070517,-0.017313,-0.001743,0.0,0.010908,-0.086626,0.013016,-0.012889
2026-08-03 00:00:00+00:00,-1.032283,-0.32328,-2.142945,-2.565443,-2.575732,-1.727937,-0.007286,0.0,0.068188,-0.217987,0.070517,-0.017313,-0.001743,0.0,0.010908,-0.086626,0.013016,-0.012889
2026-08-04 00:00:00+00:00,-1.039686,-0.333832,-2.146477,-2.554734,-2.575991,-1.730144,-0.007286,0.0,0.068188,-0.217987,0.070517,-0.017313,-0.001743,0.0,0.010908,-0.086626,0.013016,-0.012889
2026-08-05 00:00:00+00:00,-1.048853,-0.331959,-2.15115,-2.562588,-2.57995,-1.7349,-0.007286,0.0,0.068188,-0.217987,0.070517,-0.017313,-0.001743,0.0,0.010908,-0.086626,0.013016,-0.012889
2026-08-06 00:00:00+00:00,-1.054959,-0.335493,-2.161155,-2.568775,-2.584614,-1.740999,-0.007286,0.0,0.068188,-0.217987,0.070517,-0.017313,-0.001743,0.0,0.010908,-0.086626,0.013016,-0.012889
2026-08-07 00:00:00+00:00,-1.068734,-0.332953,-2.163513,-2.562709,-2.582569,-1.742096,-0.007286,0.0,0.068188,-0.217987,0.070517,-0.017313,-0.001743,0.0,0.010908,-0.086626,0.013016,-0.012889
2026-08-08 00:00:00+00:00,-1.069435,-0.328549,-2.17169,-2.560099,-2.581673,-1.742289,-0.007286,0.0,0.068188,-0.217987,0.070517,-0.017313,-0.001743,0.0,0.010908,-0.086626,0.013016,-0.012889
2026-08-09 00:00:00+00:00,-1.069222,-0.327494,-2.180836,-2.577163,-2.588684,-1.74868,-0.007286,0.0,0.068188,-0.217987,0.070517,-0.017313,-0.001743,0.0,0.010908,-0.086626,0.013016,-0.012889
2026-08-10 00:00:00+00:00,-1.077881,-0.325736,-2.17624,-2.577885,-2.589092,-1.749367,-0.007286,0.0,0.068188,-0.217987,0.070517,-0.017313,-0.001743,0.0,0.010908,-0.086626,0.013016,-0.012889
2026-08-11 00:00:00+00:00,-1.081308,-0.326404,-2.196231,-2.599851,-2.600822,-1.760923,-0.007286,0.0,0.068188,-0.217987,0.070517,-0.017313,-0.001743,0.0,0.010908,-0.086626,0.013016,-0.012889
2026-08-12 00:00:00+00:00,-1.080902,-0.326485,-2.221027,-2.619366,-2.607997,-1.771156,-0.007286,0.0,0.068188,-0.217987,0.070517,-0.017313,-0.001743,0.0,0.010908,-0.086626,0.013016,-0.012889
2026-08-13 00:00:00+00:00,-1.080549,-0.342231,-2.225525,-2.620414,-2.609819,-1.775707,-0.007286,0.0,0.068188,-0.217987,0.070517,-0.017313,-0.001743,0.0,0.010908,-0.086626,0.013016,-0.012889
2026-08-14 00:00:00+00:00,-1.076634,-0.342231,-2.229061,-2.635728,-2.610742,-1.778879,-0.007286,0.0,0.068188,-0.217987,0.070517,-0.017313,-0.001743,0.0,0.010908,-0.086626,0.013016,-0.012889
2026-08-15 00:00:00+00:00,-1.078324,-0.343456,-2.22913,-2.645338,-2.610355,-1.781321,-0.007286,0.0,0.068188,-0.217987,0.070517,-0.017313,-0.001743,0.0,0.010908,-0.086626,0.013016,-0.012889
2026-08-16 00:00:00+00:00,-1.078011,-0.350472,-2.229875,-2.643341,-2.610577,-1.782455,-0.007286,0.0,0.068188,-0.217987,0.070517,-0.017313,-0.001743,0.0,0.010908,-0.086626,0.013016,-0.012889
2026-08-17 00:00:00+00:00,-1.094073,-0.354571,-2.233257,-2.647834,-2.6151,-1.788967,-0.007286,0.0,0.068188,-0.217987,0.070517,-0.017313,-0.001743,0.0,0.010908,-0.086626,0.013016,-0.012889
2026-08-18 00:00:00+00:00,-1.096615,-0.354832,-2.232686,-2.648195,-2.622117,-1.790889,-0.007286,0.0,0.068188,-0.217987,0.070517,-0.017313,-0.001743,0.0,0.010908,-0.086626,0.013016,-0.012889
2026-08-19 00:00:00+00:00,-1.080836,-0.352351,-2.282486,-2.715416,-2.688489,-1.823916,-0.007286,0.0,0.068188,-0.217987,0.070517,-0.017313,-0.001743,0.0,0.010908,-0.086626,0.013016,-0.012889
2026-08-20 00:00:00+00:00,-1.100793,-0.352351,-2.36084,-2.750747,-2.709986,-1.854944,-0.007286,0.0,0.068188,-0.217987,0.070517,-0.017313,-0.001743,0.0,0.010908,-0.086626,0.013016,-0.012889
2026-08-21 00:00:00+00:00,-1.080543,-0.352351,-2.447775,-2.715004,-2.853006,-1.889736,-0.007286,0.0,0.068188,-0.217987,0.070517,-0.017313,-0.001743,0.0,0.010908,-0.086626,0.013016,-0.012889
2026-08-22 00:00:00+00:00,-1.138799,-0.364029,-2.49181,-2.658012,-2.85762,-1.902054,-0.007286,0.0,0.068188,-0.217987,0.0703,-0.017357,-0.001743,0.0,0.010908,-0.086626,0.012949,-0.012902
2026-08-23 00:00:00+00:00,-1.126676,-0.365548,-2.514693,-2.751398,-2.932141,-1.938091,-0.007286,0.0,0.068188,-0.217987,0.071116,-0.017194,-0.001743,0.0,0.010908,-0.086626,0.013118,-0.012868
2026-08-24 00:00:00+00:00,-1.151458,-0.367246,-2.542416,-2.776557,-2.967795,-1.961094,-0.007286,0.0,0.068188,-0.217987,0.071116,-0.017194,-0.001743,0.0,0.010908,-0.086626,0.013118,-0.012868
2026-08-25 00:00:00+00:00,-1.147266,-0.367246,-2.535356,-2.738554,-2.986495,-1.954984,-0.007286,0.0,0.068188,-0.217987,0.071116,-0.017194,-0.001743,0.0,0.010908,-0.086626,0.013118,-0.012868
2026-08-26 00:00:00+00:00,-1.181192,-0.360769,-2.580106,-2.772784,-3.017074,-1.982385,-0.007286,0.0,0.068188,-0.217987,0.071116,-0.017194,-0.001743,0.0,0.010908,-0.086626,0.013118,-0.012868
2026-08-27 00:00:00+00:00,-1.195217,-0.360769,-2.596436,-2.741508,-3.028632,-1.984512,-0.007286,0.0,0.068188,-0.217987,0.071116,-0.017194,-0.001743,0.0,0.010908,-0.086626,0.013118,-0.012868
2026-08-28 00:00:00+00:00,-1.223324,-0.360769,-2.625707,-2.76982,-3.049887,-2.005901,-0.007286,0.0,0.068188,-0.217987,0.071116,-0.017194,-0.001743,0.0,0.010908,-0.086626,0.013118,-0.012868
2026-08-29 00:00:00+00:00,-1.219515,-0.360769,-2.626265,-2.787438,-3.054381,-2.009674,-0.007286,0.0,0.068188,-0.217987,0.071116,-0.017194,-0.001743,0.0,0.010908,-0.086626,0.013118,-0.012868
2026-08-30 00:00:00+00:00,-1.217809,-0.367448,-2.64078,-2.881093,-3.063338,-2.034094,-0.007286,0.0,0.068188,-0.217987,0.071116,-0.017194,-0.001743,0.0,0.010908,-0.086626,0.013118,-0.012868
2026-08-31 00:00:00+00:00,-1.221574,-0.368189,-2.640747,-2.89638,-3.069211,-2.03922,-0.007286,0.0,0.068188,-0.217987,0.071116,-0.017194,-0.001743,0.0,0.010908,-0.086626,0.013118,-0.012868
