coin,fee,period,month,valid_ic,gate_share,mean_size
hype,taker,research,2025-12,-0.003795,0.0,
hype,taker,research,2026-01,0.040593,0.00772,0.290182
hype,taker,research,2026-02,0.009155,0.0,
hype,taker,research,2026-03,0.028407,0.0,
hype,taker,research,2026-04,0.016181,0.0,
hype,taker,research,2026-05,0.026268,0.0,
hype,maker,research,2025-12,-0.003795,0.0,
hype,maker,research,2026-01,0.040593,0.609882,0.607799
hype,maker,research,2026-02,0.009155,0.0,
hype,maker,research,2026-03,0.028407,0.133603,0.578806
hype,maker,research,2026-04,0.016181,0.0,
hype,maker,research,2026-05,0.026268,0.06248,0.308866
hype,taker,forward,2026-06,0.0158,0.0,
hype,taker,forward,2026-07,0.032097,0.0,
hype,taker,forward,2026-08,0.033832,0.0,
hype,maker,forward,2026-06,0.0158,0.010749,0.252826
hype,maker,forward,2026-07,0.032097,0.01791,0.70525
hype,maker,forward,2026-08,0.033832,0.230812,0.38196
trx,taker,research,2025-12,0.024004,0.0,
trx,taker,research,2026-01,-0.021716,0.0,
trx,taker,research,2026-02,-0.003156,0.0,
trx,taker,research,2026-03,0.023167,0.0,
trx,taker,research,2026-04,0.000941,0.0,
trx,taker,research,2026-05,-0.002531,0.0,
trx,maker,research,2025-12,0.024004,0.0,
trx,maker,research,2026-01,-0.021716,0.0,
trx,maker,research,2026-02,-0.003156,0.0,
trx,maker,research,2026-03,0.023167,0.0,
trx,maker,research,2026-04,0.000941,0.0,
trx,maker,research,2026-05,-0.002531,0.0,
trx,taker,forward,2026-06,0.001899,0.0,
trx,taker,forward,2026-07,0.036798,0.0,
trx,taker,forward,2026-08,-0.008729,0.0,
trx,maker,forward,2026-06,0.001899,0.0,
trx,maker,forward,2026-07,0.036798,0.0,
trx,maker,forward,2026-08,-0.008729,0.0,
doge,taker,research,2025-12,-0.00171,0.0,
doge,taker,research,2026-01,0.051058,0.006292,0.193947
doge,taker,research,2026-02,0.076625,0.153223,0.300122
doge,taker,research,2026-03,0.089934,0.16129,0.461024
doge,taker,research,2026-04,0.06795,0.005623,0.308695
doge,taker,research,2026-05,0.057282,0.0,
doge,maker,research,2025-12,-0.00171,0.0,
doge,maker,research,2026-01,0.051058,0.359101,0.423052
doge,maker,research,2026-02,0.076625,0.915282,0.545761
doge,maker,research,2026-03,0.089934,0.965054,0.783056
doge,maker,research,2026-04,0.06795,0.491097,0.626328
doge,maker,research,2026-05,0.057282,0.215903,0.44933
doge,taker,forward,2026-06,0.059259,0.02747,0.203753
doge,taker,forward,2026-07,0.04425,0.0,
doge,taker,forward,2026-08,0.030663,0.0,
doge,maker,forward,2026-06,0.059259,0.452813,0.452374
doge,maker,forward,2026-07,0.04425,0.033229,0.458713
doge,maker,forward,2026-08,0.030663,0.06034,0.24138
uni,taker,research,2025-12,-0.000652,0.0,
uni,taker,research,2026-01,0.041639,0.001401,0.251812
uni,taker,research,2026-02,0.07863,0.238851,0.330197
uni,taker,research,2026-03,0.058102,0.01221,0.37684
uni,taker,research,2026-04,0.10771,0.097896,0.469034
uni,taker,research,2026-05,0.053298,0.005495,0.228416
uni,maker,research,2025-12,-0.000652,0.0,
uni,maker,research,2026-01,0.041639,0.255602,0.526858
uni,maker,research,2026-02,0.07863,0.984883,0.571102
uni,maker,research,2026-03,0.058102,0.78022,0.76139
uni,maker,research,2026-04,0.10771,0.990291,0.829407
uni,maker,research,2026-05,0.053298,0.335623,0.489508
uni,taker,forward,2026-06,0.020702,0.0,
uni,taker,forward,2026-07,0.036457,0.0,
uni,taker,forward,2026-08,0.001099,0.0,
uni,maker,forward,2026-06,0.020702,0.066285,0.219427
uni,maker,forward,2026-07,0.036457,0.231826,0.511
uni,maker,forward,2026-08,0.001099,0.0,
aave,taker,research,2025-12,-0.006303,0.0,
aave,taker,research,2026-01,0.027673,0.0,
aave,taker,research,2026-02,0.067376,0.110358,0.291477
aave,taker,research,2026-03,0.055065,0.002691,0.347968
aave,taker,research,2026-04,0.074279,0.047383,0.39704
aave,taker,research,2026-05,0.018033,0.0,
aave,maker,research,2025-12,-0.006303,0.0,
aave,maker,research,2026-01,0.027673,0.033842,0.33309
aave,maker,research,2026-02,0.067376,0.935217,0.558409
aave,maker,research,2026-03,0.055065,0.742601,0.717286
aave,maker,research,2026-04,0.074279,0.893113,0.717518
aave,maker,research,2026-05,0.018033,0.0,
aave,taker,forward,2026-06,0.034733,0.008206,0.138926
aave,taker,forward,2026-07,0.025578,0.0,
aave,taker,forward,2026-08,0.048424,0.003563,0.253038
aave,maker,forward,2026-06,0.034733,0.183534,0.30498
aave,maker,forward,2026-07,0.025578,0.011947,0.427882
aave,maker,forward,2026-08,0.048424,0.482185,0.484587
