version,fee,period,gross_bps_day,gross_t,net_bps_day,sharpe,sharpe_low,sharpe_high,max_drawdown,turnover_day,breakeven_bps
base,taker,research,12.069734,1.252226,-69.939748,-10.19892,-12.713869,-8.114534,1.272903,16.411538,0.73838
base,taker,forward,8.579585,0.737938,-83.295299,-14.59637,-17.682747,-12.170549,0.792074,18.322826,0.454015
base,maker,research,12.069734,1.252226,-20.705132,-3.075169,-5.480171,-0.82855,0.388546,16.411538,0.73838
base,maker,forward,8.579585,0.737938,-28.326821,-5.529437,-9.007444,-1.909031,0.325997,18.322826,0.454015
gated,taker,research,1.88427,0.794138,-1.863981,-0.969092,-3.118534,1.055073,0.076051,0.75,2.514692
gated,taker,forward,2.25204,1.351222,1.818558,3.16288,-0.412532,4.879385,0.000758,0.086957,25.91342
gated,maker,research,5.557697,0.861939,-9.126255,-1.925444,-3.991736,0.141545,0.194564,7.349451,0.75824
gated,maker,forward,0.990238,0.176643,-5.020741,-1.956175,-4.941001,2.082875,0.084137,2.998913,0.325813
sized,taker,research,0.495532,0.595096,-0.839751,-1.225274,-3.275004,0.962802,0.029974,0.267172,1.856891
sized,taker,forward,0.346178,1.381224,0.2625,3.086714,-0.756889,4.78508,0.000189,0.016773,20.65029
sized,maker,research,2.606487,0.710807,-6.874348,-2.727661,-4.843121,-0.489379,0.137792,4.745051,0.551259
sized,maker,forward,-0.57446,-0.299345,-3.145195,-3.345466,-5.992907,0.235296,0.038215,1.282687,-0.452036
