coin,version,fee,period,gross_bps_day,gross_t,net_bps_day,sharpe,sharpe_low,sharpe_high,max_drawdown,turnover_day,breakeven_bps,beta,buy_and_hold_bps_day,time_in_market,long_share,gate_share,mean_size
hype,base,taker,research,5.860556,0.266783,-58.806966,-4.141048,-5.998478,-2.014918,1.201629,12.950549,0.459114,-0.095201,57.33225,0.30525,0.464135,1.0,1.0
hype,gated,taker,research,-0.233732,-1.058912,-0.40031,-1.943118,-3.401143,1.416155,0.007316,0.032967,-7.142741,-9e-06,57.33225,0.00082,0.466667,0.001435,1.0
hype,sized,taker,research,-0.046534,-1.048867,-0.095772,-2.086968,-3.611312,-1.416155,0.001743,0.00974,-4.832761,2.3e-05,57.33225,0.00082,0.461606,0.001435,0.290182
hype,base,maker,research,5.860556,0.266783,-19.955317,-1.402156,-3.526937,1.183764,0.610854,12.950549,0.459114,-0.086308,57.33225,0.30525,0.464135,1.0,1.0
hype,gated,maker,research,-18.126098,-0.956097,-20.90705,-2.439618,-4.567443,1.761129,0.488048,1.401099,-12.921895,-0.085714,57.33225,0.043021,0.356289,0.144715,1.0
hype,sized,maker,research,-10.944484,-0.968893,-12.696042,-2.523282,-4.649216,1.979579,0.29486,0.881138,-12.408685,-0.058449,57.33225,0.043117,0.343404,0.144715,0.566545
hype,base,taker,forward,50.906881,2.947826,-16.444211,-1.800088,-4.867124,1.57122,0.256666,13.456522,3.777975,0.04887,27.765769,0.287855,0.551301,1.0,1.0
hype,gated,taker,forward,0.0,,0.0,,,,0.0,0.0,,0.0,27.765769,0.0,,0.0,
hype,sized,taker,forward,0.0,,0.0,,,,0.0,0.0,,0.0,27.765769,0.0,,0.0,
hype,base,maker,forward,50.906881,2.947826,23.925354,2.688538,-0.151852,5.977626,0.126742,13.456522,3.777975,0.064383,27.765769,0.287855,0.551301,1.0,1.0
hype,gated,maker,forward,15.873662,1.844882,11.907597,3.010567,0.851358,4.944495,0.030023,1.967391,8.05248,-0.037737,27.765769,0.031137,0.522472,0.093148,1.0
hype,sized,maker,forward,4.669099,2.037915,3.125822,2.536845,0.20692,5.067605,0.011952,0.766142,6.079953,-0.01283,27.765769,0.032684,0.510757,0.093148,0.377948
trx,base,taker,research,3.168076,0.873847,-18.377181,-5.633512,-8.368006,-3.129563,0.353991,4.335165,0.760904,0.033697,13.085252,0.351954,0.627756,1.0,1.0
trx,gated,taker,research,0.0,,0.0,,,,0.0,0.0,,0.0,13.085252,0.0,,0.0,
trx,sized,taker,research,0.0,,0.0,,,,0.0,0.0,,0.0,13.085252,0.0,,0.0,
trx,base,maker,research,3.168076,0.873847,-5.371686,-1.73148,-3.888593,0.323439,0.124041,4.335165,0.760904,0.036377,13.085252,0.351954,0.627756,1.0,1.0
trx,gated,maker,research,0.0,,0.0,,,,0.0,0.0,,0.0,13.085252,0.0,,0.0,
trx,sized,maker,research,0.0,,0.0,,,,0.0,0.0,,0.0,13.085252,0.0,,0.0,
trx,base,taker,forward,3.034322,0.582283,-3.665675,-0.993797,-3.776032,1.50773,0.067697,1.125,1.741622,0.064894,-5.428822,0.385983,0.799182,1.0,1.0
trx,gated,taker,forward,0.0,,0.0,,,,0.0,0.0,,0.0,-5.428822,0.0,,0.0,
trx,sized,taker,forward,0.0,,0.0,,,,0.0,0.0,,0.0,-5.428822,0.0,,0.0,
trx,base,maker,forward,3.034322,0.582283,-0.290675,-0.07999,-2.623967,2.312056,0.050104,1.125,1.741622,0.072037,-5.428822,0.385983,0.799182,1.0,1.0
trx,gated,maker,forward,0.0,,0.0,,,,0.0,0.0,,0.0,-5.428822,0.0,,0.0,
trx,sized,maker,forward,0.0,,0.0,,,,0.0,0.0,,0.0,-5.428822,0.0,,0.0,
doge,base,taker,research,26.792328,1.729096,-83.034161,-8.718801,-11.235852,-6.531712,1.511222,21.961538,1.21911,-0.142026,-13.893009,0.354167,0.502663,1.0,1.0
doge,gated,taker,research,8.366443,1.726593,1.971066,0.572741,-1.298098,2.609287,0.074242,1.28022,6.539631,-0.032977,-13.893009,0.0211,0.641199,0.060303,1.0
doge,sized,taker,research,2.615444,1.527742,0.317488,0.252379,-1.693279,2.640879,0.033957,0.460082,5.690069,-0.01167,-13.893009,0.021864,0.606756,0.060303,0.347747
doge,base,maker,research,26.792328,1.729096,-17.149545,-1.795831,-4.356931,0.527413,0.354113,21.961538,1.21911,-0.139391,-13.893009,0.354167,0.502663,1.0,1.0
doge,gated,maker,research,26.068324,1.974361,3.233008,0.40468,-1.854134,2.549654,0.143213,11.423077,2.283024,-0.10528,-13.893009,0.184447,0.508679,0.528743,1.0
doge,sized,maker,research,12.910353,1.918958,-0.913517,-0.223577,-2.430757,1.989539,0.093174,6.913051,1.867856,-0.057962,-13.893009,0.191373,0.494055,0.528743,0.577372
doge,base,taker,forward,-9.43837,-0.465154,-122.774503,-13.29212,-15.770682,-11.909134,1.129559,22.663043,-0.417388,-0.219007,-16.957111,0.364772,0.486118,1.0,1.0
doge,gated,taker,forward,4.871157,1.311347,3.512462,2.89866,-1.991831,4.618843,0.003388,0.271739,17.925859,-0.020112,-16.957111,0.004303,0.818584,0.012018,1.0
doge,sized,taker,forward,0.84404,1.312354,0.557615,2.674249,-1.991831,4.334889,0.000901,0.057285,14.734053,-0.003273,-16.957111,0.004491,0.796499,0.012018,0.203753
doge,base,maker,forward,-9.43837,-0.465154,-54.785373,-6.467905,-9.199325,-3.506653,0.566845,22.663043,-0.417388,-0.223545,-16.957111,0.364772,0.486118,1.0,1.0
doge,gated,maker,forward,-4.417569,-0.364747,-14.244713,-2.625264,-5.011918,0.809527,0.189053,4.918478,-0.896163,-0.147721,-16.957111,0.081031,0.577471,0.226982,1.0
doge,sized,maker,forward,-1.489437,-0.35818,-5.944835,-3.083658,-5.388494,-0.1017,0.070514,2.231143,-0.664479,-0.033739,-16.957111,0.084503,0.565616,0.226982,0.431466
uni,base,taker,research,14.666062,0.852931,-91.677374,-6.316639,-8.505089,-4.797739,1.668528,21.277473,0.691341,-0.063612,-29.177558,0.344074,0.500236,1.0,1.0
uni,gated,taker,research,-3.962304,-0.627145,-11.977286,-2.000589,-3.560228,-0.094602,0.301991,1.604396,-2.465295,-0.018828,-29.177558,0.028026,0.573776,0.084918,1.0
uni,sized,taker,research,-1.805534,-0.763617,-4.75966,-2.233539,-3.787436,-0.298508,0.116583,0.591061,-3.052738,-0.013321,-29.177558,0.029514,0.550728,0.084918,0.350644
uni,base,maker,research,14.666062,0.852931,-27.844956,-1.973829,-3.710106,0.03127,0.513315,21.277473,0.691341,-0.056296,-29.177558,0.344074,0.500236,1.0,1.0
uni,gated,maker,research,9.321425,0.670868,-16.066011,-1.255866,-2.668254,0.746275,0.356066,12.711538,0.736108,-0.07732,-29.177558,0.204613,0.50776,0.608415,1.0
uni,sized,maker,research,7.657571,1.009961,-9.311765,-1.388189,-2.830842,0.66825,0.205849,8.49567,0.90394,-0.04355,-29.177558,0.212244,0.497558,0.608415,0.636093
uni,base,taker,forward,5.91765,0.257435,-133.462183,-9.628373,-13.005192,-7.056347,1.267996,27.86413,0.210251,-0.14001,68.817984,0.444935,0.490918,1.0,1.0
uni,gated,taker,forward,0.0,,0.0,,,,0.0,0.0,,0.0,68.817984,0.0,,0.0,
uni,sized,taker,forward,0.0,,0.0,,,,0.0,0.0,,0.0,68.817984,0.0,,0.0,
uni,base,maker,forward,5.91765,0.257435,-49.869791,-3.676902,-6.8674,-1.021607,0.561897,27.86413,0.210251,-0.127512,68.817984,0.444935,0.490918,1.0,1.0
uni,gated,maker,forward,1.59597,0.237049,-2.606053,-0.608436,-2.793146,3.172115,0.086978,2.103261,0.760946,-0.046435,68.817984,0.038421,0.363382,0.076764,1.0
uni,sized,maker,forward,-0.029361,-0.011386,-1.740422,-1.000786,-2.973608,2.068672,0.032898,0.856574,-0.03184,-0.022063,68.817984,0.03978,0.321527,0.076764,0.392323
aave,base,taker,research,9.861647,0.641116,-97.803057,-9.343491,-11.758076,-7.082534,1.780016,21.532967,0.457985,-0.070766,-33.4918,0.348958,0.509534,1.0,1.0
aave,gated,taker,research,5.250945,1.264926,1.086623,0.413676,-2.092616,2.357594,0.08751,0.832418,6.305382,-0.019736,-33.4918,0.01448,0.586831,0.040725,1.0
aave,sized,taker,research,1.714285,1.19336,0.339187,0.379389,-2.167109,2.476715,0.031173,0.274977,6.233507,-0.008448,-33.4918,0.014843,0.554321,0.040725,0.315686
aave,base,maker,research,9.861647,0.641116,-33.204155,-3.256465,-5.68829,-0.860943,0.607457,21.532967,0.457985,-0.071269,-33.4918,0.348958,0.509534,1.0,1.0
aave,gated,maker,research,10.524831,0.81574,-11.891221,-1.519263,-4.050015,1.192765,0.403757,11.211538,0.939376,-0.066092,-33.4918,0.179888,0.493123,0.531237,1.0
aave,sized,maker,research,3.408996,0.489369,-11.450418,-2.557855,-4.959633,0.22398,0.284829,7.435397,0.460013,-0.027651,-33.4918,0.186813,0.484535,0.531237,0.634262
aave,base,taker,forward,-7.522557,-0.279906,-140.129922,-10.661462,-14.062078,-7.905897,1.30909,26.505435,-0.286837,-0.192389,56.32436,0.422781,0.484734,1.0,1.0
aave,gated,taker,forward,6.389042,1.380044,5.58033,3.27223,1.904823,4.963754,0.0004,0.163043,39.226023,-0.016995,56.32436,0.003133,0.814286,0.005828,1.0
aave,sized,taker,forward,0.88685,1.448824,0.754885,3.375789,1.574551,5.116195,6.7e-05,0.026579,33.401249,-0.002078,56.32436,0.00317,0.785969,0.005828,0.157944
aave,base,maker,forward,-7.522557,-0.279906,-60.613617,-4.993446,-8.109766,-1.561547,0.637442,26.505435,-0.286837,-0.183986,56.32436,0.422781,0.484734,1.0,1.0
aave,gated,maker,forward,-8.100875,-0.51687,-20.160533,-2.250104,-4.539256,0.995942,0.268049,6.005435,-1.357048,-0.156658,56.32436,0.097788,0.476298,0.241703,1.0
aave,sized,maker,forward,-6.022601,-0.919448,-11.166538,-3.172741,-5.326437,0.044473,0.12705,2.559577,-2.36265,-0.062297,56.32436,0.102619,0.467908,0.241703,0.403486
