horizon,period,coin,gain,se,t,sigma_bps
4,research,hype,0.00475,0.01102,0.431028,65.063531
4,research,trx,0.015117,0.011705,1.291536,20.730393
4,research,doge,0.014778,0.008949,1.651392,52.282362
4,research,uni,0.003281,0.008894,0.368891,62.192723
4,research,aave,0.018094,0.008071,2.241817,52.040215
4,research,pooled,0.011204,0.005407,2.072131,
4,forward,hype,0.013106,0.011226,1.167427,65.063531
4,forward,trx,0.046164,0.016457,2.805132,20.730393
4,forward,doge,-0.004016,0.02607,-0.154067,52.282362
4,forward,uni,0.028023,0.009835,2.849353,62.192723
4,forward,aave,0.015632,0.018339,0.852425,52.040215
4,forward,pooled,0.019782,0.009678,2.043921,
12,research,hype,-0.003909,0.013444,-0.290728,110.144139
12,research,trx,0.015188,0.017062,0.890126,36.052652
12,research,doge,0.0102,0.011974,0.85191,89.400278
12,research,uni,0.002496,0.012281,0.203207,107.179036
12,research,aave,0.022823,0.012243,1.864259,89.676355
12,research,pooled,0.00936,0.007638,1.225402,
12,forward,hype,0.006357,0.013358,0.475908,110.144139
12,forward,trx,0.069259,0.029152,2.375771,36.052652
12,forward,doge,-0.014717,0.032431,-0.453783,89.400278
12,forward,uni,0.029514,0.014702,2.007544,107.179036
12,forward,aave,0.020739,0.020183,1.027545,89.676355
12,forward,pooled,0.02223,0.011523,1.929193,
36,research,hype,-0.020754,0.020611,-1.00693,184.415113
36,research,trx,0.009112,0.025767,0.353648,62.551171
36,research,doge,0.02256,0.015636,1.442857,152.76254
36,research,uni,0.006306,0.018086,0.348682,191.618491
36,research,aave,0.027191,0.017,1.599424,156.536961
36,research,pooled,0.008883,0.011983,0.741306,
36,forward,hype,-0.012658,0.017847,-0.709229,184.415113
36,forward,trx,0.070578,0.037656,1.874269,62.551171
36,forward,doge,-0.038136,0.051256,-0.744029,152.76254
36,forward,uni,0.011991,0.022204,0.540048,191.618491
36,forward,aave,0.002887,0.036713,0.078627,156.536961
36,forward,pooled,0.006932,0.022065,0.314183,
72,research,hype,-0.064033,0.036761,-1.741867,253.037072
72,research,trx,-0.014298,0.027939,-0.511763,86.594136
72,research,doge,0.023995,0.022118,1.084901,217.791953
72,research,uni,-0.016246,0.025909,-0.627024,279.406554
72,research,aave,0.043488,0.023687,1.835908,221.623638
72,research,pooled,-0.005419,0.018579,-0.291657,
72,forward,hype,-0.040693,0.03207,-1.268877,253.037072
72,forward,trx,0.052194,0.037539,1.390377,86.594136
72,forward,doge,-0.065632,0.068914,-0.952372,217.791953
72,forward,uni,0.002794,0.025796,0.108295,279.406554
72,forward,aave,-0.059616,0.068376,-0.871887,221.623638
72,forward,pooled,-0.022191,0.035183,-0.630731,
