coin,horizon,model,period,month,ic
hype,4,har,research,2025-12,0.389772
hype,4,har,research,2026-01,0.596804
hype,4,har,research,2026-02,0.684262
hype,4,har,research,2026-03,0.30361
hype,4,har,research,2026-04,0.674083
hype,4,har,research,2026-05,0.680181
hype,4,har,forward,2026-06,0.663448
hype,4,har,forward,2026-07,0.458198
hype,4,har,forward,2026-08,0.56452
hype,4,lightgbm,research,2025-12,0.414739
hype,4,lightgbm,research,2026-01,0.595679
hype,4,lightgbm,research,2026-02,0.68928
hype,4,lightgbm,research,2026-03,0.318369
hype,4,lightgbm,research,2026-04,0.682554
hype,4,lightgbm,research,2026-05,0.656739
hype,4,lightgbm,forward,2026-06,0.645716
hype,4,lightgbm,forward,2026-07,0.499081
hype,4,lightgbm,forward,2026-08,0.579692
hype,12,har,research,2025-12,0.435102
hype,12,har,research,2026-01,0.692136
hype,12,har,research,2026-02,0.794957
hype,12,har,research,2026-03,0.354263
hype,12,har,research,2026-04,0.806664
hype,12,har,research,2026-05,0.810167
hype,12,har,forward,2026-06,0.773901
hype,12,har,forward,2026-07,0.540374
hype,12,har,forward,2026-08,0.660738
hype,12,lightgbm,research,2025-12,0.428429
hype,12,lightgbm,research,2026-01,0.672013
hype,12,lightgbm,research,2026-02,0.788258
hype,12,lightgbm,research,2026-03,0.357888
hype,12,lightgbm,research,2026-04,0.797483
hype,12,lightgbm,research,2026-05,0.825324
hype,12,lightgbm,forward,2026-06,0.743669
hype,12,lightgbm,forward,2026-07,0.570016
hype,12,lightgbm,forward,2026-08,0.679219
hype,36,har,research,2025-12,0.416524
hype,36,har,research,2026-01,0.70582
hype,36,har,research,2026-02,0.826051
hype,36,har,research,2026-03,0.354761
hype,36,har,research,2026-04,0.874175
hype,36,har,research,2026-05,0.883184
hype,36,har,forward,2026-06,0.822298
hype,36,har,forward,2026-07,0.576296
hype,36,har,forward,2026-08,0.698851
hype,36,lightgbm,research,2025-12,0.392191
hype,36,lightgbm,research,2026-01,0.663059
hype,36,lightgbm,research,2026-02,0.82347
hype,36,lightgbm,research,2026-03,0.37418
hype,36,lightgbm,research,2026-04,0.818168
hype,36,lightgbm,research,2026-05,0.865544
hype,36,lightgbm,forward,2026-06,0.785688
hype,36,lightgbm,forward,2026-07,0.609049
hype,36,lightgbm,forward,2026-08,0.663962
hype,72,har,research,2025-12,0.396017
hype,72,har,research,2026-01,0.69378
hype,72,har,research,2026-02,0.820439
hype,72,har,research,2026-03,0.32905
hype,72,har,research,2026-04,0.904361
hype,72,har,research,2026-05,0.923817
hype,72,har,forward,2026-06,0.836002
hype,72,har,forward,2026-07,0.592288
hype,72,har,forward,2026-08,0.694149
hype,72,lightgbm,research,2025-12,0.336934
hype,72,lightgbm,research,2026-01,0.649219
hype,72,lightgbm,research,2026-02,0.825858
hype,72,lightgbm,research,2026-03,0.369925
hype,72,lightgbm,research,2026-04,0.756941
hype,72,lightgbm,research,2026-05,0.748421
hype,72,lightgbm,forward,2026-06,0.807672
hype,72,lightgbm,forward,2026-07,0.612671
hype,72,lightgbm,forward,2026-08,0.580417
trx,4,har,research,2025-12,0.273337
trx,4,har,research,2026-01,0.432341
trx,4,har,research,2026-02,0.247242
trx,4,har,research,2026-03,0.63314
trx,4,har,research,2026-04,0.429994
trx,4,har,research,2026-05,0.24148
trx,4,har,forward,2026-06,0.526232
trx,4,har,forward,2026-07,0.324939
trx,4,har,forward,2026-08,0.419183
trx,4,lightgbm,research,2025-12,0.324793
trx,4,lightgbm,research,2026-01,0.467203
trx,4,lightgbm,research,2026-02,0.315759
trx,4,lightgbm,research,2026-03,0.590489
trx,4,lightgbm,research,2026-04,0.389461
trx,4,lightgbm,research,2026-05,0.263904
trx,4,lightgbm,forward,2026-06,0.567629
trx,4,lightgbm,forward,2026-07,0.353916
trx,4,lightgbm,forward,2026-08,0.487147
trx,12,har,research,2025-12,0.30867
trx,12,har,research,2026-01,0.565125
trx,12,har,research,2026-02,0.294798
trx,12,har,research,2026-03,0.809808
trx,12,har,research,2026-04,0.564422
trx,12,har,research,2026-05,0.263714
trx,12,har,forward,2026-06,0.610444
trx,12,har,forward,2026-07,0.355208
trx,12,har,forward,2026-08,0.481759
trx,12,lightgbm,research,2025-12,0.370542
trx,12,lightgbm,research,2026-01,0.602204
trx,12,lightgbm,research,2026-02,0.383018
trx,12,lightgbm,research,2026-03,0.770685
trx,12,lightgbm,research,2026-04,0.478211
trx,12,lightgbm,research,2026-05,0.296798
trx,12,lightgbm,forward,2026-06,0.66139
trx,12,lightgbm,forward,2026-07,0.371676
trx,12,lightgbm,forward,2026-08,0.621534
trx,36,har,research,2025-12,0.325271
trx,36,har,research,2026-01,0.630956
trx,36,har,research,2026-02,0.310735
trx,36,har,research,2026-03,0.95326
trx,36,har,research,2026-04,0.698968
trx,36,har,research,2026-05,0.262091
trx,36,har,forward,2026-06,0.619403
trx,36,har,forward,2026-07,0.334999
trx,36,har,forward,2026-08,0.466422
trx,36,lightgbm,research,2025-12,0.39362
trx,36,lightgbm,research,2026-01,0.68659
trx,36,lightgbm,research,2026-02,0.395124
trx,36,lightgbm,research,2026-03,0.89149
trx,36,lightgbm,research,2026-04,0.519826
trx,36,lightgbm,research,2026-05,0.350519
trx,36,lightgbm,forward,2026-06,0.698972
trx,36,lightgbm,forward,2026-07,0.348633
trx,36,lightgbm,forward,2026-08,0.585242
trx,72,har,research,2025-12,0.318845
trx,72,har,research,2026-01,0.641344
trx,72,har,research,2026-02,0.29722
trx,72,har,research,2026-03,1.005885
trx,72,har,research,2026-04,0.755354
trx,72,har,research,2026-05,0.252854
trx,72,har,forward,2026-06,0.607521
trx,72,har,forward,2026-07,0.289314
trx,72,har,forward,2026-08,0.437279
trx,72,lightgbm,research,2025-12,0.330286
trx,72,lightgbm,research,2026-01,0.696343
trx,72,lightgbm,research,2026-02,0.347703
trx,72,lightgbm,research,2026-03,0.928804
trx,72,lightgbm,research,2026-04,0.559526
trx,72,lightgbm,research,2026-05,0.323465
trx,72,lightgbm,forward,2026-06,0.652532
trx,72,lightgbm,forward,2026-07,0.336231
trx,72,lightgbm,forward,2026-08,0.5017
doge,4,har,research,2025-12,0.551043
doge,4,har,research,2026-01,0.574685
doge,4,har,research,2026-02,0.724176
doge,4,har,research,2026-03,0.40126
doge,4,har,research,2026-04,0.511982
doge,4,har,research,2026-05,0.316961
doge,4,har,forward,2026-06,0.532844
doge,4,har,forward,2026-07,0.303922
doge,4,har,forward,2026-08,1.020934
doge,4,lightgbm,research,2025-12,0.581808
doge,4,lightgbm,research,2026-01,0.535239
doge,4,lightgbm,research,2026-02,0.722116
doge,4,lightgbm,research,2026-03,0.436031
doge,4,lightgbm,research,2026-04,0.553294
doge,4,lightgbm,research,2026-05,0.339512
doge,4,lightgbm,forward,2026-06,0.538126
doge,4,lightgbm,forward,2026-07,0.372852
doge,4,lightgbm,forward,2026-08,0.934971
doge,12,har,research,2025-12,0.621439
doge,12,har,research,2026-01,0.656482
doge,12,har,research,2026-02,0.837887
doge,12,har,research,2026-03,0.427579
doge,12,har,research,2026-04,0.58657
doge,12,har,research,2026-05,0.333259
doge,12,har,forward,2026-06,0.617591
doge,12,har,forward,2026-07,0.337954
doge,12,har,forward,2026-08,1.181042
doge,12,lightgbm,research,2025-12,0.653372
doge,12,lightgbm,research,2026-01,0.614837
doge,12,lightgbm,research,2026-02,0.826647
doge,12,lightgbm,research,2026-03,0.458481
doge,12,lightgbm,research,2026-04,0.623565
doge,12,lightgbm,research,2026-05,0.346306
doge,12,lightgbm,forward,2026-06,0.612159
doge,12,lightgbm,forward,2026-07,0.417931
doge,12,lightgbm,forward,2026-08,1.062646
doge,36,har,research,2025-12,0.573059
doge,36,har,research,2026-01,0.624772
doge,36,har,research,2026-02,0.856854
doge,36,har,research,2026-03,0.365475
doge,36,har,research,2026-04,0.609177
doge,36,har,research,2026-05,0.273124
doge,36,har,forward,2026-06,0.615041
doge,36,har,forward,2026-07,0.298349
doge,36,har,forward,2026-08,1.256973
doge,36,lightgbm,research,2025-12,0.635332
doge,36,lightgbm,research,2026-01,0.6381
doge,36,lightgbm,research,2026-02,0.851037
doge,36,lightgbm,research,2026-03,0.425804
doge,36,lightgbm,research,2026-04,0.623591
doge,36,lightgbm,research,2026-05,0.260946
doge,36,lightgbm,forward,2026-06,0.619458
doge,36,lightgbm,forward,2026-07,0.394683
doge,36,lightgbm,forward,2026-08,1.043186
doge,72,har,research,2025-12,0.464473
doge,72,har,research,2026-01,0.570665
doge,72,har,research,2026-02,0.840901
doge,72,har,research,2026-03,0.314687
doge,72,har,research,2026-04,0.620665
doge,72,har,research,2026-05,0.200645
doge,72,har,forward,2026-06,0.592448
doge,72,har,forward,2026-07,0.242169
doge,72,har,forward,2026-08,1.289688
doge,72,lightgbm,research,2025-12,0.573095
doge,72,lightgbm,research,2026-01,0.667993
doge,72,lightgbm,research,2026-02,0.795465
doge,72,lightgbm,research,2026-03,0.366252
doge,72,lightgbm,research,2026-04,0.583931
doge,72,lightgbm,research,2026-05,0.160594
doge,72,lightgbm,forward,2026-06,0.608593
doge,72,lightgbm,forward,2026-07,0.340214
doge,72,lightgbm,forward,2026-08,0.981238
uni,4,har,research,2025-12,0.259499
uni,4,har,research,2026-01,0.507906
uni,4,har,research,2026-02,0.695019
uni,4,har,research,2026-03,0.474821
uni,4,har,research,2026-04,0.330637
uni,4,har,research,2026-05,0.34209
uni,4,har,forward,2026-06,0.509955
uni,4,har,forward,2026-07,0.408637
uni,4,har,forward,2026-08,0.632041
uni,4,lightgbm,research,2025-12,0.26008
uni,4,lightgbm,research,2026-01,0.483866
uni,4,lightgbm,research,2026-02,0.71441
uni,4,lightgbm,research,2026-03,0.493886
uni,4,lightgbm,research,2026-04,0.356675
uni,4,lightgbm,research,2026-05,0.323031
uni,4,lightgbm,forward,2026-06,0.527533
uni,4,lightgbm,forward,2026-07,0.459829
uni,4,lightgbm,forward,2026-08,0.647002
uni,12,har,research,2025-12,0.271971
uni,12,har,research,2026-01,0.605617
uni,12,har,research,2026-02,0.861004
uni,12,har,research,2026-03,0.534341
uni,12,har,research,2026-04,0.374246
uni,12,har,research,2026-05,0.374388
uni,12,har,forward,2026-06,0.596467
uni,12,har,forward,2026-07,0.462193
uni,12,har,forward,2026-08,0.753985
uni,12,lightgbm,research,2025-12,0.281137
uni,12,lightgbm,research,2026-01,0.5644
uni,12,lightgbm,research,2026-02,0.873943
uni,12,lightgbm,research,2026-03,0.553449
uni,12,lightgbm,research,2026-04,0.418375
uni,12,lightgbm,research,2026-05,0.34759
uni,12,lightgbm,forward,2026-06,0.627764
uni,12,lightgbm,forward,2026-07,0.528391
uni,12,lightgbm,forward,2026-08,0.74509
uni,36,har,research,2025-12,0.214839
uni,36,har,research,2026-01,0.568268
uni,36,har,research,2026-02,0.933958
uni,36,har,research,2026-03,0.511306
uni,36,har,research,2026-04,0.368239
uni,36,har,research,2026-05,0.355231
uni,36,har,forward,2026-06,0.633831
uni,36,har,forward,2026-07,0.445303
uni,36,har,forward,2026-08,0.801697
uni,36,lightgbm,research,2025-12,0.228575
uni,36,lightgbm,research,2026-01,0.56404
uni,36,lightgbm,research,2026-02,0.961122
uni,36,lightgbm,research,2026-03,0.56247
uni,36,lightgbm,research,2026-04,0.37798
uni,36,lightgbm,research,2026-05,0.29762
uni,36,lightgbm,forward,2026-06,0.66181
uni,36,lightgbm,forward,2026-07,0.502277
uni,36,lightgbm,forward,2026-08,0.753234
uni,72,har,research,2025-12,0.167739
uni,72,har,research,2026-01,0.49139
uni,72,har,research,2026-02,0.967035
uni,72,har,research,2026-03,0.483426
uni,72,har,research,2026-04,0.330325
uni,72,har,research,2026-05,0.32515
uni,72,har,forward,2026-06,0.606895
uni,72,har,forward,2026-07,0.412865
uni,72,har,forward,2026-08,0.825504
uni,72,lightgbm,research,2025-12,0.148691
uni,72,lightgbm,research,2026-01,0.468419
uni,72,lightgbm,research,2026-02,1.024623
uni,72,lightgbm,research,2026-03,0.540211
uni,72,lightgbm,research,2026-04,0.253514
uni,72,lightgbm,research,2026-05,0.237324
uni,72,lightgbm,forward,2026-06,0.651129
uni,72,lightgbm,forward,2026-07,0.436997
uni,72,lightgbm,forward,2026-08,0.766856
aave,4,har,research,2025-12,0.523201
aave,4,har,research,2026-01,0.482921
aave,4,har,research,2026-02,0.640301
aave,4,har,research,2026-03,0.398602
aave,4,har,research,2026-04,0.502459
aave,4,har,research,2026-05,0.456084
aave,4,har,forward,2026-06,0.64253
aave,4,har,forward,2026-07,0.31573
aave,4,har,forward,2026-08,0.772787
aave,4,lightgbm,research,2025-12,0.549751
aave,4,lightgbm,research,2026-01,0.47069
aave,4,lightgbm,research,2026-02,0.640334
aave,4,lightgbm,research,2026-03,0.427046
aave,4,lightgbm,research,2026-04,0.517636
aave,4,lightgbm,research,2026-05,0.504836
aave,4,lightgbm,forward,2026-06,0.655166
aave,4,lightgbm,forward,2026-07,0.389841
aave,4,lightgbm,forward,2026-08,0.732841
aave,12,har,research,2025-12,0.602134
aave,12,har,research,2026-01,0.561481
aave,12,har,research,2026-02,0.784226
aave,12,har,research,2026-03,0.467629
aave,12,har,research,2026-04,0.583519
aave,12,har,research,2026-05,0.551309
aave,12,har,forward,2026-06,0.766107
aave,12,har,forward,2026-07,0.347186
aave,12,har,forward,2026-08,0.922921
aave,12,lightgbm,research,2025-12,0.624994
aave,12,lightgbm,research,2026-01,0.547062
aave,12,lightgbm,research,2026-02,0.794553
aave,12,lightgbm,research,2026-03,0.497831
aave,12,lightgbm,research,2026-04,0.601661
aave,12,lightgbm,research,2026-05,0.619777
aave,12,lightgbm,forward,2026-06,0.790374
aave,12,lightgbm,forward,2026-07,0.427281
aave,12,lightgbm,forward,2026-08,0.880889
aave,36,har,research,2025-12,0.603784
aave,36,har,research,2026-01,0.525823
aave,36,har,research,2026-02,0.839895
aave,36,har,research,2026-03,0.445188
aave,36,har,research,2026-04,0.596615
aave,36,har,research,2026-05,0.558415
aave,36,har,forward,2026-06,0.833722
aave,36,har,forward,2026-07,0.324973
aave,36,har,forward,2026-08,0.999824
aave,36,lightgbm,research,2025-12,0.642463
aave,36,lightgbm,research,2026-01,0.518222
aave,36,lightgbm,research,2026-02,0.895789
aave,36,lightgbm,research,2026-03,0.486967
aave,36,lightgbm,research,2026-04,0.590563
aave,36,lightgbm,research,2026-05,0.600567
aave,36,lightgbm,forward,2026-06,0.858366
aave,36,lightgbm,forward,2026-07,0.421934
aave,36,lightgbm,forward,2026-08,0.887581
aave,72,har,research,2025-12,0.53663
aave,72,har,research,2026-01,0.452089
aave,72,har,research,2026-02,0.840366
aave,72,har,research,2026-03,0.395252
aave,72,har,research,2026-04,0.583575
aave,72,har,research,2026-05,0.554942
aave,72,har,forward,2026-06,0.85952
aave,72,har,forward,2026-07,0.313064
aave,72,har,forward,2026-08,1.052605
aave,72,lightgbm,research,2025-12,0.597147
aave,72,lightgbm,research,2026-01,0.542111
aave,72,lightgbm,research,2026-02,0.928007
aave,72,lightgbm,research,2026-03,0.480345
aave,72,lightgbm,research,2026-04,0.54706
aave,72,lightgbm,research,2026-05,0.530802
aave,72,lightgbm,forward,2026-06,0.895097
aave,72,lightgbm,forward,2026-07,0.403787
aave,72,lightgbm,forward,2026-08,0.750526
