horizon,model,period,ic,se,t,days
4,har,research,0.473906,0.032697,14.493961,182
4,har,forward,0.539343,0.068285,7.8984,92
4,lightgbm,research,0.48511,0.031524,15.388834,182
4,lightgbm,forward,0.559125,0.061027,9.16186,92
12,har,research,0.555108,0.040377,13.747969,182
12,har,forward,0.626695,0.083547,7.501081,92
12,lightgbm,research,0.564467,0.038322,14.729445,182
12,lightgbm,forward,0.648925,0.074742,8.682148,92
36,har,research,0.565484,0.046611,12.132117,182
36,har,forward,0.64792,0.096491,6.714829,92
36,lightgbm,research,0.574367,0.043207,13.293455,182
36,lightgbm,forward,0.654852,0.080126,8.17283,92
72,har,research,0.545444,0.050939,10.707742,182
72,har,forward,0.642801,0.104346,6.160251,92
72,lightgbm,research,0.540026,0.048111,11.2245,182
72,lightgbm,forward,0.62061,0.083889,7.397973,92
