coin,horizon,model,period,ic,se,t,days,oos_r2
hype,4,har,research,0.551996,0.072033,7.663102,182,0.406636
hype,4,har,forward,0.560953,0.07665,7.318385,92,0.459111
hype,4,lightgbm,research,0.556746,0.067503,8.24768,182,0.424377
hype,4,lightgbm,forward,0.574059,0.072517,7.916153,92,0.481682
hype,12,har,research,0.645607,0.084304,7.658077,182,0.561057
hype,12,har,forward,0.657081,0.09165,7.169439,92,0.618065
hype,12,lightgbm,research,0.641698,0.078903,8.132721,182,0.568147
hype,12,lightgbm,forward,0.663438,0.087124,7.614853,92,0.639106
hype,36,har,research,0.673207,0.093973,7.1638,182,0.620623
hype,36,har,forward,0.69781,0.102454,6.810927,92,0.686151
hype,36,lightgbm,research,0.652453,0.082664,7.892804,182,0.613775
hype,36,lightgbm,forward,0.685152,0.095488,7.175251,92,0.701588
hype,72,har,research,0.674317,0.100689,6.697006,182,0.634159
hype,72,har,forward,0.706083,0.107746,6.553233,92,0.697461
hype,72,lightgbm,research,0.610284,0.086418,7.062016,182,0.592787
hype,72,lightgbm,forward,0.66539,0.099574,6.682386,92,0.692982
trx,4,har,research,0.378087,0.046517,8.127966,182,0.282342
trx,4,har,forward,0.422334,0.066559,6.345286,92,0.419518
trx,4,lightgbm,research,0.393204,0.042466,9.259248,182,0.303256
trx,4,lightgbm,forward,0.468498,0.063997,7.320631,92,0.432074
trx,12,har,research,0.470076,0.065205,7.209239,182,0.411843
trx,12,har,forward,0.48108,0.083896,5.73427,92,0.545376
trx,12,lightgbm,research,0.485264,0.05991,8.099884,182,0.439089
trx,12,lightgbm,forward,0.550339,0.081312,6.768197,92,0.562453
trx,36,har,research,0.532904,0.083746,6.363306,182,0.508715
trx,36,har,forward,0.472023,0.101274,4.660857,92,0.594076
trx,36,lightgbm,research,0.542017,0.074015,7.323098,182,0.525251
trx,36,lightgbm,forward,0.542601,0.088096,6.15923,92,0.605194
trx,72,har,research,0.548184,0.094242,5.816764,182,0.537431
trx,72,har,forward,0.442935,0.112823,3.925942,92,0.606741
trx,72,lightgbm,research,0.533886,0.084777,6.297524,182,0.541398
trx,72,lightgbm,forward,0.495129,0.097254,5.091069,92,0.609509
doge,4,har,research,0.509884,0.040553,12.573357,182,0.380309
doge,4,har,forward,0.620172,0.120983,5.126108,92,0.4978
doge,4,lightgbm,research,0.524661,0.037745,13.900248,182,0.413516
doge,4,lightgbm,forward,0.616156,0.102685,6.000461,92,0.502433
doge,12,har,research,0.572854,0.04969,11.528504,182,0.479442
doge,12,har,forward,0.713224,0.141109,5.054428,92,0.628703
doge,12,lightgbm,research,0.583055,0.046412,12.562581,182,0.513901
doge,12,lightgbm,forward,0.698507,0.119089,5.865411,92,0.620115
doge,36,har,research,0.545036,0.058393,9.333885,182,0.467543
doge,36,har,forward,0.724633,0.158955,4.558727,92,0.65375
doge,36,lightgbm,research,0.567596,0.056468,10.051722,182,0.520864
doge,36,lightgbm,forward,0.686497,0.127092,5.401564,92,0.627653
doge,72,har,research,0.495768,0.064547,7.680719,182,0.43046
doge,72,har,forward,0.709358,0.171764,4.129844,92,0.64642
doge,72,lightgbm,research,0.519763,0.061841,8.40486,182,0.492493
doge,72,lightgbm,forward,0.643726,0.13355,4.820121,92,0.584621
uni,4,har,research,0.431282,0.043056,10.016696,182,0.334141
uni,4,har,forward,0.516953,0.066793,7.739668,92,0.314619
uni,4,lightgbm,research,0.434563,0.041625,10.440072,182,0.357669
uni,4,lightgbm,forward,0.544976,0.062558,8.711548,92,0.343413
uni,12,har,research,0.498414,0.055496,8.980996,182,0.436155
uni,12,har,forward,0.604299,0.083362,7.249108,92,0.432586
uni,12,lightgbm,research,0.500909,0.051901,9.651316,182,0.459652
uni,12,lightgbm,forward,0.633813,0.075475,8.397664,92,0.465935
uni,36,har,research,0.485368,0.064865,7.482708,182,0.43688
uni,36,har,forward,0.626869,0.101038,6.204289,92,0.471002
uni,36,lightgbm,research,0.491674,0.061596,7.982223,182,0.466128
uni,36,lightgbm,forward,0.63886,0.086269,7.405482,92,0.470681
uni,72,har,research,0.453218,0.070206,6.455584,182,0.4152
uni,72,har,forward,0.615177,0.115134,5.343132,92,0.461365
uni,72,lightgbm,research,0.436972,0.070478,6.200089,182,0.428766
uni,72,lightgbm,forward,0.617971,0.098672,6.262874,92,0.428286
aave,4,har,research,0.498282,0.035728,13.9467,182,0.302653
aave,4,har,forward,0.576304,0.090656,6.357007,92,0.389269
aave,4,lightgbm,research,0.516376,0.033213,15.547523,182,0.324181
aave,4,lightgbm,forward,0.591936,0.076638,7.72378,92,0.409214
aave,12,har,research,0.588588,0.045315,12.988861,182,0.412718
aave,12,har,forward,0.677788,0.11079,6.117756,92,0.532943
aave,12,lightgbm,research,0.611412,0.041555,14.713462,182,0.440209
aave,12,lightgbm,forward,0.698527,0.095971,7.278539,92,0.554058
aave,36,har,research,0.590907,0.054119,10.918618,182,0.41778
aave,36,har,forward,0.718265,0.127534,5.631939,92,0.581333
aave,36,lightgbm,research,0.618097,0.04959,12.464259,182,0.44411
aave,36,lightgbm,forward,0.721151,0.102205,7.055923,92,0.575055
aave,72,har,research,0.555735,0.061672,9.011103,182,0.384689
aave,72,har,forward,0.740449,0.138183,5.358484,92,0.597511
aave,72,lightgbm,research,0.599223,0.056831,10.543991,182,0.404119
aave,72,lightgbm,forward,0.680833,0.10003,6.806309,92,0.550073
