coin,family,ic,se,t,days
hype,momentum,0.051178,0.009493,5.391459,92
hype,best_feature,0.044254,0.009727,4.549496,92
hype,ridge,0.041966,0.007827,5.361799,92
hype,lightgbm,0.036734,0.007352,4.996269,92
trx,momentum,-0.024229,0.012706,-1.906865,92
trx,best_feature,0.004846,0.012245,0.395714,92
trx,ridge,0.017915,0.007857,2.280183,92
trx,lightgbm,0.029651,0.009609,3.085781,92
doge,momentum,0.036895,0.010885,3.389443,92
doge,best_feature,0.036895,0.010885,3.389443,92
doge,ridge,0.034874,0.009661,3.609622,92
doge,lightgbm,0.044659,0.008993,4.965809,92
uni,momentum,0.026071,0.009803,2.659349,92
uni,best_feature,0.026071,0.009803,2.659349,92
uni,ridge,0.028324,0.009392,3.015874,92
uni,lightgbm,0.006118,0.011476,0.533113,92
aave,momentum,0.034374,0.009733,3.531718,92
aave,best_feature,0.034374,0.009733,3.531718,92
aave,ridge,0.031953,0.007587,4.211378,92
aave,lightgbm,0.025836,0.006895,3.747008,92
