coin,fee,gross_bps_day,gross_t,net_bps_day,sharpe,sharpe_low,sharpe_high,max_drawdown,turnover_day,breakeven_bps,beta,buy_and_hold_bps_day,time_in_market,long_share
hype,taker,50.906881,2.947826,-16.444211,-1.800088,-4.867124,1.57122,0.256666,13.456522,3.777975,0.04887,27.765769,0.287855,0.551301
hype,maker,50.906881,2.947826,23.925354,2.688538,-0.151852,5.977626,0.126742,13.456522,3.777975,0.064383,27.765769,0.287855,0.551301
trx,taker,3.034322,0.582283,-3.665675,-0.993797,-3.776032,1.50773,0.067697,1.125,1.741622,0.064894,-5.428822,0.385983,0.799182
trx,maker,3.034322,0.582283,-0.290675,-0.07999,-2.623967,2.312056,0.050104,1.125,1.741622,0.072037,-5.428822,0.385983,0.799182
doge,taker,-9.43837,-0.465154,-122.774503,-13.29212,-15.770682,-11.909134,1.129559,22.663043,-0.417388,-0.219007,-16.957111,0.364772,0.486118
doge,maker,-9.43837,-0.465154,-54.785373,-6.467905,-9.199325,-3.506653,0.566845,22.663043,-0.417388,-0.223545,-16.957111,0.364772,0.486118
uni,taker,5.91765,0.257435,-133.462183,-9.628373,-13.005192,-7.056347,1.267996,27.86413,0.210251,-0.14001,68.817984,0.444935,0.490918
uni,maker,5.91765,0.257435,-49.869791,-3.676902,-6.8674,-1.021607,0.561897,27.86413,0.210251,-0.127512,68.817984,0.444935,0.490918
aave,taker,-7.522557,-0.279906,-140.129922,-10.661462,-14.062078,-7.905897,1.30909,26.505435,-0.286837,-0.192389,56.32436,0.422781,0.484734
aave,maker,-7.522557,-0.279906,-60.613617,-4.993446,-8.109766,-1.561547,0.637442,26.505435,-0.286837,-0.183986,56.32436,0.422781,0.484734
