day,portfolio_taker,portfolio_maker,hype_taker,trx_taker,doge_taker,uni_taker,aave_taker
2026-06-01 00:00:00+00:00,0.007722,0.014652,0.055514,0.0,-0.016985,0.005547,-0.005467
2026-06-02 00:00:00+00:00,0.010201,0.026221,0.086728,0.0,-0.026374,0.004579,-0.013926
2026-06-03 00:00:00+00:00,0.011564,0.036884,0.103629,-0.00235,-0.018979,-0.008022,-0.016457
2026-06-04 00:00:00+00:00,0.025757,0.062702,0.081005,-0.002373,-0.009885,0.040144,0.019895
2026-06-05 00:00:00+00:00,0.012752,0.062327,0.066504,0.033363,-0.019739,0.031095,-0.047463
2026-06-06 00:00:00+00:00,-0.009184,0.050576,0.053441,0.016474,-0.033588,-0.004702,-0.077544
2026-06-07 00:00:00+00:00,-0.029012,0.038653,0.066563,0.004825,-0.079325,-0.02866,-0.108464
2026-06-08 00:00:00+00:00,-0.035693,0.040897,0.071627,0.004825,-0.092565,-0.044719,-0.117635
2026-06-09 00:00:00+00:00,-0.038666,0.045739,0.072189,0.004825,-0.096724,-0.053957,-0.119665
2026-06-10 00:00:00+00:00,-0.052051,0.040934,0.031767,0.004825,-0.0979,-0.065308,-0.133639
2026-06-11 00:00:00+00:00,-0.05523,0.045045,0.036861,-0.007139,-0.101005,-0.072896,-0.131969
2026-06-12 00:00:00+00:00,-0.075314,0.030616,0.032356,-0.004387,-0.163087,-0.087144,-0.154309
2026-06-13 00:00:00+00:00,-0.077479,0.032561,0.046224,-0.011881,-0.164537,-0.093662,-0.16354
2026-06-14 00:00:00+00:00,-0.086108,0.027862,0.022012,-0.001729,-0.17175,-0.104671,-0.174402
2026-06-15 00:00:00+00:00,-0.078402,0.043098,0.025079,-0.007667,-0.179107,-0.097855,-0.132462
2026-06-16 00:00:00+00:00,-0.110224,0.020276,-0.026625,-0.007667,-0.194302,-0.148024,-0.174501
2026-06-17 00:00:00+00:00,-0.14936,-0.009005,-0.085888,-0.004087,-0.218639,-0.245174,-0.193012
2026-06-18 00:00:00+00:00,-0.185757,-0.037692,-0.074929,-0.004087,-0.247166,-0.348243,-0.254362
2026-06-19 00:00:00+00:00,-0.186652,-0.030817,-0.056917,-0.004087,-0.251486,-0.355795,-0.264975
2026-06-20 00:00:00+00:00,-0.192067,-0.030772,-0.030308,-0.004087,-0.253178,-0.352861,-0.319902
2026-06-21 00:00:00+00:00,-0.197609,-0.031694,-0.029842,-0.001088,-0.25374,-0.3714,-0.331973
2026-06-22 00:00:00+00:00,-0.207173,-0.034733,-0.005883,0.01597,-0.265377,-0.406214,-0.374359
2026-06-23 00:00:00+00:00,-0.228831,-0.050571,-0.043279,0.01597,-0.278155,-0.415423,-0.423269
2026-06-24 00:00:00+00:00,-0.24572,-0.05954,-0.064668,0.01597,-0.306678,-0.444407,-0.428815
2026-06-25 00:00:00+00:00,-0.274627,-0.079567,-0.056901,0.01597,-0.373091,-0.484681,-0.474434
2026-06-26 00:00:00+00:00,-0.293735,-0.08909,-0.030342,0.01597,-0.393056,-0.515107,-0.546139
2026-06-27 00:00:00+00:00,-0.30709,-0.096235,-0.033858,0.01597,-0.398842,-0.527156,-0.591561
2026-06-28 00:00:00+00:00,-0.309694,-0.091759,-0.024718,0.007405,-0.399336,-0.532983,-0.598836
2026-06-29 00:00:00+00:00,-0.316905,-0.089895,-0.006961,0.007564,-0.398311,-0.534221,-0.652595
2026-06-30 00:00:00+00:00,-0.324932,-0.092342,-0.002314,0.007564,-0.417356,-0.539606,-0.672949
2026-07-01 00:00:00+00:00,-0.325679,-0.088724,0.01113,0.007564,-0.430934,-0.541346,-0.674808
2026-07-02 00:00:00+00:00,-0.340185,-0.099405,0.013672,0.007564,-0.435462,-0.605993,-0.680708
2026-07-03 00:00:00+00:00,-0.335116,-0.090856,0.014196,0.012238,-0.433584,-0.59601,-0.67242
2026-07-04 00:00:00+00:00,-0.338245,-0.091915,0.014196,0.007155,-0.442226,-0.59684,-0.673512
2026-07-05 00:00:00+00:00,-0.334548,-0.085893,0.014258,0.019539,-0.448072,-0.593915,-0.664551
2026-07-06 00:00:00+00:00,-0.342837,-0.090087,0.012303,0.019539,-0.46229,-0.594021,-0.689718
2026-07-07 00:00:00+00:00,-0.349183,-0.092203,0.015283,0.019539,-0.475228,-0.584698,-0.720812
2026-07-08 00:00:00+00:00,-0.360919,-0.099064,0.021399,0.014236,-0.49008,-0.612607,-0.737543
2026-07-09 00:00:00+00:00,-0.358689,-0.093534,0.021399,0.014188,-0.479297,-0.628487,-0.721248
2026-07-10 00:00:00+00:00,-0.371273,-0.102893,0.021399,0.014188,-0.484016,-0.664378,-0.743559
2026-07-11 00:00:00+00:00,-0.380895,-0.10974,0.021399,0.012192,-0.494248,-0.697511,-0.746307
2026-07-12 00:00:00+00:00,-0.382635,-0.109275,0.021399,0.017239,-0.502665,-0.696614,-0.752535
2026-07-13 00:00:00+00:00,-0.383992,-0.107602,0.024422,0.004144,-0.495046,-0.698016,-0.755462
2026-07-14 00:00:00+00:00,-0.386858,-0.107513,0.024567,0.004144,-0.498889,-0.707273,-0.756838
2026-07-15 00:00:00+00:00,-0.391181,-0.109301,0.028241,0.004144,-0.511198,-0.715051,-0.76204
2026-07-16 00:00:00+00:00,-0.396432,-0.111612,0.016627,0.004144,-0.508263,-0.732879,-0.76179
2026-07-17 00:00:00+00:00,-0.395677,-0.108322,0.03536,0.002184,-0.51797,-0.734746,-0.763213
2026-07-18 00:00:00+00:00,-0.394976,-0.107006,0.03536,0.009547,-0.517292,-0.738773,-0.763721
2026-07-19 00:00:00+00:00,-0.394561,-0.106321,0.03536,0.012053,-0.518355,-0.738772,-0.76309
2026-07-20 00:00:00+00:00,-0.396791,-0.105821,0.035928,0.012167,-0.528477,-0.742634,-0.760939
2026-07-21 00:00:00+00:00,-0.395418,-0.102738,0.038403,0.020657,-0.52812,-0.745936,-0.762093
2026-07-22 00:00:00+00:00,-0.395887,-0.100207,0.041234,0.018108,-0.535586,-0.751457,-0.751732
2026-07-23 00:00:00+00:00,-0.398169,-0.100839,0.041123,0.01814,-0.555682,-0.746777,-0.747648
2026-07-24 00:00:00+00:00,-0.399159,-0.099939,0.046131,0.024477,-0.561281,-0.755925,-0.749196
2026-07-25 00:00:00+00:00,-0.401827,-0.101257,0.046131,0.032925,-0.58111,-0.753716,-0.753363
2026-07-26 00:00:00+00:00,-0.414923,-0.111893,0.046131,0.033973,-0.586021,-0.786177,-0.782519
2026-07-27 00:00:00+00:00,-0.422407,-0.116767,0.036927,0.01096,-0.599292,-0.786706,-0.773925
2026-07-28 00:00:00+00:00,-0.424415,-0.11615,0.03991,0.011253,-0.604954,-0.785741,-0.782544
2026-07-29 00:00:00+00:00,-0.43243,-0.12028,0.047734,0.014394,-0.611368,-0.816103,-0.796807
2026-07-30 00:00:00+00:00,-0.434153,-0.119273,0.046825,0.023443,-0.610778,-0.831923,-0.79833
2026-07-31 00:00:00+00:00,-0.441399,-0.122334,0.04463,0.015549,-0.610704,-0.853354,-0.803115
2026-08-01 00:00:00+00:00,-0.447559,-0.124699,0.04074,0.011185,-0.623019,-0.868954,-0.797747
2026-08-02 00:00:00+00:00,-0.450015,-0.122805,0.039523,0.011185,-0.627271,-0.878415,-0.795095
2026-08-03 00:00:00+00:00,-0.455033,-0.124163,0.038004,0.011185,-0.631723,-0.896915,-0.795716
2026-08-04 00:00:00+00:00,-0.45724,-0.12187,0.030601,0.000633,-0.635255,-0.886205,-0.795975
2026-08-05 00:00:00+00:00,-0.461997,-0.120927,0.021434,0.002506,-0.639928,-0.89406,-0.799934
2026-08-06 00:00:00+00:00,-0.468096,-0.122541,0.015328,-0.001028,-0.649933,-0.900247,-0.804599
2026-08-07 00:00:00+00:00,-0.469192,-0.118372,0.001552,0.001512,-0.652291,-0.894181,-0.802553
2026-08-08 00:00:00+00:00,-0.469386,-0.117636,0.000851,0.005915,-0.660469,-0.891571,-0.801657
2026-08-09 00:00:00+00:00,-0.475776,-0.122466,0.001065,0.00697,-0.669614,-0.908635,-0.808668
2026-08-10 00:00:00+00:00,-0.476463,-0.119613,-0.007594,0.008729,-0.665018,-0.909357,-0.809076
2026-08-11 00:00:00+00:00,-0.48802,-0.12763,-0.011022,0.008061,-0.685009,-0.931323,-0.820807
2026-08-12 00:00:00+00:00,-0.498252,-0.133887,-0.010616,0.007979,-0.709805,-0.950838,-0.827981
2026-08-13 00:00:00+00:00,-0.502804,-0.134914,-0.010262,-0.007766,-0.714303,-0.951886,-0.829803
2026-08-14 00:00:00+00:00,-0.505976,-0.134801,-0.006347,-0.007766,-0.71784,-0.967199,-0.830727
2026-08-15 00:00:00+00:00,-0.508417,-0.135907,-0.008037,-0.008991,-0.717908,-0.97681,-0.830339
2026-08-16 00:00:00+00:00,-0.509552,-0.135212,-0.007724,-0.016007,-0.718654,-0.974812,-0.830562
2026-08-17 00:00:00+00:00,-0.516064,-0.138994,-0.023787,-0.020106,-0.722036,-0.979305,-0.835084
2026-08-18 00:00:00+00:00,-0.517986,-0.138576,-0.026329,-0.020368,-0.721464,-0.979667,-0.842101
2026-08-19 00:00:00+00:00,-0.551012,-0.166007,-0.010549,-0.017887,-0.771265,-1.046888,-0.908474
2026-08-20 00:00:00+00:00,-0.58204,-0.18664,-0.030506,-0.017887,-0.849618,-1.082219,-0.929971
2026-08-21 00:00:00+00:00,-0.616833,-0.208203,-0.010257,-0.017887,-0.936553,-1.046476,-1.072991
2026-08-22 00:00:00+00:00,-0.629151,-0.206136,-0.068512,-0.029564,-0.980588,-0.989484,-1.077605
2026-08-23 00:00:00+00:00,-0.665188,-0.230008,-0.056389,-0.031084,-1.003471,-1.08287,-1.152125
2026-08-24 00:00:00+00:00,-0.688191,-0.240711,-0.081171,-0.032781,-1.031194,-1.108029,-1.187779
2026-08-25 00:00:00+00:00,-0.68208,-0.2229,-0.07698,-0.032781,-1.024135,-1.070026,-1.206479
2026-08-26 00:00:00+00:00,-0.709481,-0.240821,-0.110905,-0.026304,-1.068884,-1.104256,-1.237058
2026-08-27 00:00:00+00:00,-0.711609,-0.233424,-0.12493,-0.026304,-1.085214,-1.07298,-1.248616
2026-08-28 00:00:00+00:00,-0.732998,-0.245288,-0.153037,-0.026304,-1.114485,-1.101292,-1.269871
2026-08-29 00:00:00+00:00,-0.73677,-0.245805,-0.149228,-0.026304,-1.115044,-1.11891,-1.274366
2026-08-30 00:00:00+00:00,-0.76119,-0.263295,-0.147522,-0.032984,-1.129559,-1.212565,-1.283322
2026-08-31 00:00:00+00:00,-0.766317,-0.260607,-0.151287,-0.033724,-1.129525,-1.227852,-1.289195
