asset,month,expected,present,missing,zero_trade,extreme
hype,2025-05,450,450,0,0,0
hype,2025-06,8640,8640,0,0,0
hype,2025-07,8928,8928,0,0,0
hype,2025-08,8928,8928,0,3,3
hype,2025-09,8640,8640,0,0,1
hype,2025-10,8928,8928,0,0,4
hype,2025-11,8640,8640,0,0,2
hype,2025-12,8928,8928,0,0,1
hype,2026-01,8928,8928,0,0,1
hype,2026-02,8064,8064,0,0,1
hype,2026-03,8928,8928,0,0,3
hype,2026-04,8640,8640,0,0,0
hype,2026-05,8928,8928,0,0,1
trx,2025-05,450,450,0,0,0
trx,2025-06,8640,8640,0,0,4
trx,2025-07,8928,8928,0,0,0
trx,2025-08,8928,8928,0,3,2
trx,2025-09,8640,8640,0,0,5
trx,2025-10,8928,8928,0,0,4
trx,2025-11,8640,8640,0,0,1
trx,2025-12,8928,8928,0,0,1
trx,2026-01,8928,8928,0,0,0
trx,2026-02,8064,8064,0,0,0
trx,2026-03,8928,8928,0,0,1
trx,2026-04,8640,8640,0,0,2
trx,2026-05,8928,8928,0,0,5
doge,2025-05,450,450,0,0,0
doge,2025-06,8640,8640,0,0,4
doge,2025-07,8928,8928,0,0,2
doge,2025-08,8928,8928,0,3,3
doge,2025-09,8640,8640,0,0,5
doge,2025-10,8928,8928,0,0,7
doge,2025-11,8640,8640,0,0,3
doge,2025-12,8928,8928,0,0,4
doge,2026-01,8928,8928,0,0,7
doge,2026-02,8064,8064,0,0,3
doge,2026-03,8928,8928,0,0,5
doge,2026-04,8640,8640,0,0,2
doge,2026-05,8928,8928,0,0,3
uni,2025-05,450,450,0,0,0
uni,2025-06,8640,8640,0,0,1
uni,2025-07,8928,8928,0,0,4
uni,2025-08,8928,8928,0,3,4
uni,2025-09,8640,8640,0,0,4
uni,2025-10,8928,8928,0,0,5
uni,2025-11,8640,8640,0,0,3
uni,2025-12,8928,8928,0,0,2
uni,2026-01,8928,8928,0,0,3
uni,2026-02,8064,8064,0,0,4
uni,2026-03,8928,8928,0,0,5
uni,2026-04,8640,8640,0,0,4
uni,2026-05,8928,8928,0,0,4
aave,2025-05,450,450,0,0,0
aave,2025-06,8640,8640,0,0,1
aave,2025-07,8928,8928,0,0,2
aave,2025-08,8928,8928,0,3,1
aave,2025-09,8640,8640,0,0,5
aave,2025-10,8928,8928,0,0,5
aave,2025-11,8640,8640,0,0,3
aave,2025-12,8928,8928,0,0,3
aave,2026-01,8928,8928,0,0,2
aave,2026-02,8064,8064,0,0,2
aave,2026-03,8928,8928,0,0,2
aave,2026-04,8640,8640,0,0,3
aave,2026-05,8928,8928,0,0,3
btc,2025-05,450,450,0,0,0
btc,2025-06,8640,8640,0,0,2
btc,2025-07,8928,8928,0,0,2
btc,2025-08,8928,8928,0,3,4
btc,2025-09,8640,8640,0,0,4
btc,2025-10,8928,8928,0,0,7
btc,2025-11,8640,8640,0,0,2
btc,2025-12,8928,8928,0,0,3
btc,2026-01,8928,8928,0,0,4
btc,2026-02,8064,8064,0,0,2
btc,2026-03,8928,8928,0,0,6
btc,2026-04,8640,8640,0,0,4
btc,2026-05,8928,8928,0,0,1
eth,2025-05,450,450,0,0,0
eth,2025-06,8640,8640,0,0,5
eth,2025-07,8928,8928,0,0,0
eth,2025-08,8928,8928,0,3,2
eth,2025-09,8640,8640,0,0,7
eth,2025-10,8928,8928,0,0,6
eth,2025-11,8640,8640,0,0,2
eth,2025-12,8928,8928,0,0,3
eth,2026-01,8928,8928,0,0,4
eth,2026-02,8064,8064,0,0,2
eth,2026-03,8928,8928,0,0,8
eth,2026-04,8640,8640,0,0,3
eth,2026-05,8928,8928,0,0,3
sol,2025-05,450,450,0,0,0
sol,2025-06,8640,8640,0,0,3
sol,2025-07,8928,8928,0,0,0
sol,2025-08,8928,8928,0,3,2
sol,2025-09,8640,8640,0,0,4
sol,2025-10,8928,8928,0,0,5
sol,2025-11,8640,8640,0,0,2
sol,2025-12,8928,8928,0,0,2
sol,2026-01,8928,8928,0,0,5
sol,2026-02,8064,8064,0,0,3
sol,2026-03,8928,8928,0,0,6
sol,2026-04,8640,8640,0,0,2
sol,2026-05,8928,8928,0,0,3
