asset,open_time,log_return
hype,2025-08-12 12:30:00+00:00,0.028033
hype,2025-08-14 12:30:00+00:00,-0.04793
hype,2025-08-22 14:00:00+00:00,0.030464
hype,2025-09-16 13:00:00+00:00,0.026389
hype,2025-10-10 21:10:00+00:00,-0.144194
hype,2025-10-10 21:15:00+00:00,-0.196029
hype,2025-10-10 21:20:00+00:00,0.185046
hype,2025-10-29 18:35:00+00:00,-0.041674
hype,2025-11-21 07:30:00+00:00,-0.051313
hype,2025-11-29 07:10:00+00:00,0.034393
hype,2025-12-17 03:00:00+00:00,0.060622
hype,2026-01-19 00:00:00+00:00,-0.029251
hype,2026-02-23 01:05:00+00:00,-0.016738
hype,2026-03-09 16:20:00+00:00,0.041095
hype,2026-03-23 11:05:00+00:00,0.048081
hype,2026-03-30 00:15:00+00:00,0.018897
hype,2026-05-14 12:00:00+00:00,0.015636
trx,2025-06-05 23:15:00+00:00,0.016528
trx,2025-06-05 23:20:00+00:00,0.03155
trx,2025-06-16 12:30:00+00:00,0.031982
trx,2025-06-16 12:35:00+00:00,0.015051
trx,2025-08-08 00:15:00+00:00,-0.011466
trx,2025-08-14 12:30:00+00:00,-0.027177
trx,2025-09-06 20:55:00+00:00,-0.013891
trx,2025-09-06 21:45:00+00:00,-0.011445
trx,2025-09-06 21:55:00+00:00,-0.025994
trx,2025-09-11 12:30:00+00:00,-0.007356
trx,2025-09-22 06:00:00+00:00,-0.012289
trx,2025-10-10 20:55:00+00:00,-0.009424
trx,2025-10-10 21:10:00+00:00,-0.016061
trx,2025-10-10 21:15:00+00:00,-0.063092
trx,2025-10-29 18:35:00+00:00,-0.017753
trx,2025-11-21 07:30:00+00:00,-0.011826
trx,2025-12-01 00:05:00+00:00,-0.00492
trx,2026-03-05 21:20:00+00:00,0.006698
trx,2026-04-15 12:10:00+00:00,0.009149
trx,2026-04-24 16:00:00+00:00,-0.013551
trx,2026-05-03 05:15:00+00:00,0.008916
trx,2026-05-03 05:25:00+00:00,0.008433
trx,2026-05-03 05:45:00+00:00,-0.011591
trx,2026-05-22 13:55:00+00:00,-0.009381
trx,2026-05-25 15:50:00+00:00,-0.008088
doge,2025-06-05 16:15:00+00:00,-0.02524
doge,2025-06-05 19:15:00+00:00,-0.026412
doge,2025-06-09 21:25:00+00:00,0.022929
doge,2025-06-21 21:20:00+00:00,-0.026615
doge,2025-07-06 13:50:00+00:00,0.016719
doge,2025-07-09 20:35:00+00:00,0.028003
doge,2025-08-14 12:30:00+00:00,-0.083593
doge,2025-08-22 14:00:00+00:00,0.034504
doge,2025-08-24 19:30:00+00:00,-0.027257
doge,2025-09-11 12:30:00+00:00,-0.033279
doge,2025-09-17 17:55:00+00:00,-0.026817
doge,2025-09-22 00:30:00+00:00,-0.024021
doge,2025-09-22 06:00:00+00:00,-0.047895
doge,2025-09-28 22:05:00+00:00,0.012456
doge,2025-10-10 20:55:00+00:00,-0.040718
doge,2025-10-10 21:10:00+00:00,-0.086924
doge,2025-10-10 21:15:00+00:00,-0.577339
doge,2025-10-10 21:20:00+00:00,0.254606
doge,2025-10-16 09:30:00+00:00,-0.031089
doge,2025-10-26 22:00:00+00:00,0.014833
doge,2025-10-29 18:35:00+00:00,-0.046987
doge,2025-11-03 15:25:00+00:00,-0.02755
doge,2025-11-03 15:35:00+00:00,0.025667
doge,2025-11-21 07:30:00+00:00,-0.052983
doge,2025-12-01 00:05:00+00:00,-0.021509
doge,2025-12-17 14:50:00+00:00,0.025855
doge,2025-12-25 22:45:00+00:00,-0.01521
doge,2025-12-31 16:40:00+00:00,-0.020084
doge,2026-01-01 15:40:00+00:00,0.015133
doge,2026-01-02 09:45:00+00:00,0.031526
doge,2026-01-02 14:35:00+00:00,0.026092
doge,2026-01-13 22:05:00+00:00,0.023632
doge,2026-01-18 23:00:00+00:00,-0.010884
doge,2026-01-18 23:20:00+00:00,-0.012423
doge,2026-01-19 00:00:00+00:00,-0.034489
doge,2026-02-06 00:10:00+00:00,-0.048709
doge,2026-02-23 01:05:00+00:00,-0.015598
doge,2026-02-25 01:10:00+00:00,0.023508
doge,2026-03-08 22:00:00+00:00,-0.02879
doge,2026-03-16 03:30:00+00:00,0.01806
doge,2026-03-21 23:50:00+00:00,-0.015388
doge,2026-03-23 11:05:00+00:00,0.045601
doge,2026-03-29 22:45:00+00:00,-0.015298
doge,2026-04-14 13:50:00+00:00,0.014695
doge,2026-04-29 09:45:00+00:00,0.031253
doge,2026-05-04 01:30:00+00:00,0.017285
doge,2026-05-10 20:45:00+00:00,-0.019299
doge,2026-05-17 23:40:00+00:00,-0.015519
uni,2025-06-03 13:10:00+00:00,0.033177
uni,2025-07-02 04:55:00+00:00,0.027144
uni,2025-07-05 22:50:00+00:00,0.0307
uni,2025-07-11 04:50:00+00:00,0.038823
uni,2025-07-21 13:50:00+00:00,0.05849
uni,2025-08-10 14:25:00+00:00,0.027137
uni,2025-08-11 16:00:00+00:00,0.071636
uni,2025-08-14 12:30:00+00:00,-0.056603
uni,2025-08-22 14:00:00+00:00,0.031167
uni,2025-09-14 03:55:00+00:00,-0.051626
uni,2025-09-22 00:30:00+00:00,-0.017482
uni,2025-09-22 05:55:00+00:00,-0.018847
uni,2025-09-22 06:00:00+00:00,-0.062665
uni,2025-10-10 03:30:00+00:00,0.052405
uni,2025-10-10 21:10:00+00:00,-0.088848
uni,2025-10-10 21:15:00+00:00,-0.617409
uni,2025-10-26 22:00:00+00:00,0.01798
uni,2025-10-29 18:35:00+00:00,-0.041359
uni,2025-11-03 15:25:00+00:00,-0.033209
uni,2025-11-10 20:10:00+00:00,0.043482
uni,2025-11-21 07:30:00+00:00,-0.044247
uni,2025-12-01 00:05:00+00:00,-0.030528
uni,2025-12-20 07:25:00+00:00,0.05969
uni,2026-01-03 06:45:00+00:00,-0.023306
uni,2026-01-19 00:00:00+00:00,-0.034762
uni,2026-01-26 00:40:00+00:00,-0.030907
uni,2026-02-06 00:10:00+00:00,-0.050292
uni,2026-02-11 13:55:00+00:00,0.032053
uni,2026-02-11 14:00:00+00:00,0.183696
uni,2026-02-25 15:40:00+00:00,0.031974
uni,2026-03-08 22:00:00+00:00,-0.020523
uni,2026-03-13 10:00:00+00:00,0.021141
uni,2026-03-23 11:05:00+00:00,0.043503
uni,2026-03-29 21:05:00+00:00,-0.014723
uni,2026-03-29 22:45:00+00:00,-0.016354
uni,2026-04-02 04:20:00+00:00,-0.034398
uni,2026-04-02 13:50:00+00:00,-0.028573
uni,2026-04-16 13:50:00+00:00,-0.024745
uni,2026-04-29 18:05:00+00:00,-0.0247
uni,2026-05-04 10:00:00+00:00,-0.015977
uni,2026-05-17 23:40:00+00:00,-0.018476
uni,2026-05-22 23:25:00+00:00,-0.025523
uni,2026-05-27 23:25:00+00:00,-0.027364
aave,2025-06-21 21:20:00+00:00,-0.031708
aave,2025-07-06 21:35:00+00:00,0.021798
aave,2025-07-09 05:35:00+00:00,0.022705
aave,2025-08-14 12:30:00+00:00,-0.046529
aave,2025-09-17 17:55:00+00:00,-0.016907
aave,2025-09-17 18:00:00+00:00,0.018123
aave,2025-09-22 00:30:00+00:00,-0.013477
aave,2025-09-22 06:00:00+00:00,-0.052509
aave,2025-09-28 22:05:00+00:00,0.012484
aave,2025-10-10 20:55:00+00:00,-0.033739
aave,2025-10-10 21:10:00+00:00,-0.088584
aave,2025-10-10 21:15:00+00:00,-0.654151
aave,2025-10-10 21:20:00+00:00,0.412671
aave,2025-10-29 18:35:00+00:00,-0.045587
aave,2025-11-02 16:20:00+00:00,0.038822
aave,2025-11-21 07:30:00+00:00,-0.054652
aave,2025-11-30 03:55:00+00:00,0.037673
aave,2025-12-21 21:45:00+00:00,-0.036342
aave,2025-12-21 22:25:00+00:00,-0.031332
aave,2025-12-21 23:05:00+00:00,0.027566
aave,2026-01-02 20:15:00+00:00,0.020889
aave,2026-01-19 00:00:00+00:00,-0.024365
aave,2026-02-20 13:30:00+00:00,-0.029737
aave,2026-02-25 01:10:00+00:00,0.028468
aave,2026-03-08 22:00:00+00:00,-0.022242
aave,2026-03-23 11:05:00+00:00,0.047738
aave,2026-04-05 15:25:00+00:00,0.012021
aave,2026-04-18 18:30:00+00:00,-0.0456
aave,2026-04-29 18:05:00+00:00,-0.020889
aave,2026-05-10 13:50:00+00:00,0.018504
aave,2026-05-10 20:45:00+00:00,-0.025842
aave,2026-05-17 23:40:00+00:00,-0.017323
btc,2025-06-09 21:25:00+00:00,0.009876
btc,2025-06-21 21:20:00+00:00,-0.009612
btc,2025-07-10 21:15:00+00:00,0.024576
btc,2025-07-14 03:40:00+00:00,0.009853
btc,2025-08-14 12:30:00+00:00,-0.021088
btc,2025-08-22 14:00:00+00:00,0.014577
btc,2025-08-24 19:30:00+00:00,-0.007643
btc,2025-08-24 19:35:00+00:00,-0.010406
btc,2025-09-22 05:55:00+00:00,-0.005558
btc,2025-09-22 06:00:00+00:00,-0.010581
btc,2025-09-28 22:05:00+00:00,0.004914
btc,2025-09-29 13:40:00+00:00,0.00789
btc,2025-10-05 02:30:00+00:00,0.010485
btc,2025-10-10 20:50:00+00:00,-0.012941
btc,2025-10-10 21:10:00+00:00,-0.019821
btc,2025-10-10 21:15:00+00:00,-0.080722
btc,2025-10-10 21:20:00+00:00,0.047497
btc,2025-10-26 22:00:00+00:00,0.011323
btc,2025-10-29 18:35:00+00:00,-0.022101
btc,2025-11-03 15:25:00+00:00,-0.010714
btc,2025-11-21 07:30:00+00:00,-0.021758
btc,2025-12-17 14:50:00+00:00,0.021077
btc,2025-12-29 02:00:00+00:00,0.004764
btc,2025-12-29 09:30:00+00:00,-0.006955
btc,2026-01-18 23:00:00+00:00,-0.004925
btc,2026-01-18 23:45:00+00:00,-0.006586
btc,2026-01-19 00:00:00+00:00,-0.007437
btc,2026-01-20 22:30:00+00:00,-0.01478
btc,2026-02-23 01:05:00+00:00,-0.013608
btc,2026-02-25 01:10:00+00:00,0.018271
btc,2026-03-08 22:00:00+00:00,-0.01883
btc,2026-03-16 03:30:00+00:00,0.012005
btc,2026-03-23 11:05:00+00:00,0.038052
btc,2026-03-29 22:40:00+00:00,-0.008861
btc,2026-03-29 22:45:00+00:00,-0.009886
btc,2026-03-30 00:15:00+00:00,0.01592
btc,2026-04-05 15:25:00+00:00,0.007706
btc,2026-04-16 13:50:00+00:00,-0.014508
btc,2026-04-26 21:50:00+00:00,0.007851
btc,2026-04-29 18:05:00+00:00,-0.012054
btc,2026-05-17 23:40:00+00:00,-0.006259
eth,2025-06-05 19:15:00+00:00,-0.01795
eth,2025-06-16 22:35:00+00:00,-0.015322
eth,2025-06-16 22:40:00+00:00,-0.017962
eth,2025-06-21 21:20:00+00:00,-0.039205
eth,2025-06-21 21:30:00+00:00,-0.026117
eth,2025-08-14 12:30:00+00:00,-0.033085
eth,2025-08-22 14:00:00+00:00,0.032208
eth,2025-09-11 12:30:00+00:00,-0.01626
eth,2025-09-17 17:55:00+00:00,-0.019889
eth,2025-09-17 18:00:00+00:00,0.016906
eth,2025-09-22 00:30:00+00:00,-0.011921
eth,2025-09-22 05:55:00+00:00,-0.015051
eth,2025-09-22 06:00:00+00:00,-0.020543
eth,2025-09-28 22:05:00+00:00,0.010898
eth,2025-10-10 20:50:00+00:00,-0.021537
eth,2025-10-10 21:10:00+00:00,-0.04524
eth,2025-10-10 21:15:00+00:00,-0.068609
eth,2025-10-10 21:20:00+00:00,0.049297
eth,2025-10-26 22:00:00+00:00,0.015013
eth,2025-10-29 18:35:00+00:00,-0.038103
eth,2025-11-07 14:40:00+00:00,0.023938
eth,2025-11-16 23:00:00+00:00,-0.024133
eth,2025-12-01 00:05:00+00:00,-0.016891
eth,2025-12-07 14:20:00+00:00,-0.015758
eth,2025-12-22 00:10:00+00:00,0.011701
eth,2026-01-02 16:30:00+00:00,0.010602
eth,2026-01-13 22:05:00+00:00,0.024687
eth,2026-01-18 23:00:00+00:00,-0.006804
eth,2026-01-19 00:10:00+00:00,-0.009243
eth,2026-02-23 01:00:00+00:00,-0.010086
eth,2026-02-23 01:05:00+00:00,-0.019329
eth,2026-03-08 22:00:00+00:00,-0.018956
eth,2026-03-16 03:30:00+00:00,0.019536
eth,2026-03-21 23:50:00+00:00,-0.015896
eth,2026-03-23 11:05:00+00:00,0.0519
eth,2026-03-26 09:30:00+00:00,-0.018335
eth,2026-03-29 22:40:00+00:00,-0.011597
eth,2026-03-29 22:45:00+00:00,-0.012882
eth,2026-03-30 00:15:00+00:00,0.017827
eth,2026-04-05 15:25:00+00:00,0.009722
eth,2026-04-20 07:20:00+00:00,0.014244
eth,2026-04-29 18:05:00+00:00,-0.016477
eth,2026-05-10 20:45:00+00:00,-0.008376
eth,2026-05-17 23:40:00+00:00,-0.022134
eth,2026-05-23 20:35:00+00:00,0.013818
sol,2025-06-05 19:15:00+00:00,-0.023877
sol,2025-06-20 17:20:00+00:00,-0.021392
sol,2025-06-30 15:25:00+00:00,0.024639
sol,2025-08-14 12:30:00+00:00,-0.055791
sol,2025-08-22 14:00:00+00:00,0.026081
sol,2025-09-17 17:55:00+00:00,-0.015877
sol,2025-09-17 18:00:00+00:00,0.022209
sol,2025-09-22 05:55:00+00:00,-0.024722
sol,2025-09-22 06:00:00+00:00,-0.029965
sol,2025-10-10 20:55:00+00:00,-0.034545
sol,2025-10-10 21:10:00+00:00,-0.062339
sol,2025-10-10 21:15:00+00:00,-0.220501
sol,2025-10-10 21:20:00+00:00,0.167318
sol,2025-10-29 18:35:00+00:00,-0.041039
sol,2025-11-03 15:25:00+00:00,-0.036574
sol,2025-11-21 07:30:00+00:00,-0.036064
sol,2025-12-17 14:50:00+00:00,0.024654
sol,2025-12-29 01:35:00+00:00,0.012721
sol,2026-01-11 16:25:00+00:00,0.011333
sol,2026-01-19 00:00:00+00:00,-0.023646
sol,2026-01-25 16:00:00+00:00,-0.013718
sol,2026-01-25 19:50:00+00:00,-0.016845
sol,2026-01-30 01:40:00+00:00,-0.022946
sol,2026-02-06 00:10:00+00:00,-0.05542
sol,2026-02-06 00:15:00+00:00,-0.068697
sol,2026-02-23 01:05:00+00:00,-0.018977
sol,2026-03-08 22:00:00+00:00,-0.022017
sol,2026-03-16 03:30:00+00:00,0.016584
sol,2026-03-23 11:05:00+00:00,0.052972
sol,2026-03-27 10:35:00+00:00,-0.019605
sol,2026-03-29 22:45:00+00:00,-0.015396
sol,2026-03-30 00:15:00+00:00,0.019882
sol,2026-04-16 13:50:00+00:00,-0.018286
sol,2026-04-29 18:05:00+00:00,-0.016288
sol,2026-05-10 20:45:00+00:00,-0.01337
sol,2026-05-17 23:40:00+00:00,-0.012823
sol,2026-05-23 07:45:00+00:00,-0.017203
