btc_lead_bars,hype,trx,doge,uni,aave
-6,0.0113,0.006,0.0106,0.0112,0.009
-5,-0.0057,-0.0155,-0.0113,-0.0024,-0.0063
-4,0.0098,0.0016,0.0073,0.0056,0.0084
-3,0.01,0.007,0.0081,0.0004,0.0096
-2,-0.0138,-0.0144,-0.0289,-0.0146,-0.025
-1,0.002,-0.0168,-0.0083,-0.0073,-0.0059
0,0.6138,0.4771,0.7391,0.6283,0.703
1,-0.0071,0.0101,-0.0013,-0.0198,-0.0095
2,-0.0247,-0.009,-0.0245,-0.0253,-0.027
3,0.0094,0.0153,0.011,0.0025,0.0025
4,0.0029,0.0121,0.0076,0.012,0.007
5,-0.0193,-0.0046,-0.0093,-0.0145,-0.0121
6,0.0054,0.0106,0.0091,0.0113,0.0179
