day,hype,trx,doge,uni,aave
2025-06-19 00:00:00+00:00,0.6091,0.2861,0.8083,0.6128,0.6405
2025-06-20 00:00:00+00:00,0.6096,0.2929,0.8063,0.6177,0.6467
2025-06-21 00:00:00+00:00,0.6115,0.299,0.8097,0.6142,0.6582
2025-06-22 00:00:00+00:00,0.6194,0.324,0.8103,0.621,0.6663
2025-06-23 00:00:00+00:00,0.6288,0.3316,0.8105,0.6255,0.6755
2025-06-24 00:00:00+00:00,0.631,0.3337,0.8105,0.6275,0.6745
2025-06-25 00:00:00+00:00,0.634,0.3355,0.8103,0.6302,0.6764
2025-06-26 00:00:00+00:00,0.6353,0.3373,0.8112,0.6333,0.6789
2025-06-27 00:00:00+00:00,0.6362,0.3385,0.8115,0.6351,0.6784
2025-06-28 00:00:00+00:00,0.6352,0.3363,0.8103,0.6334,0.6769
2025-06-29 00:00:00+00:00,0.6365,0.3271,0.8078,0.6291,0.673
2025-06-30 00:00:00+00:00,0.636,0.3179,0.8103,0.6266,0.6708
2025-07-01 00:00:00+00:00,0.6374,0.3173,0.8084,0.6276,0.6725
2025-07-02 00:00:00+00:00,0.6381,0.3139,0.8063,0.6217,0.6757
2025-07-03 00:00:00+00:00,0.641,0.3088,0.8047,0.6284,0.6843
2025-07-04 00:00:00+00:00,0.6425,0.3085,0.804,0.6299,0.6874
2025-07-05 00:00:00+00:00,0.6423,0.3113,0.8045,0.6186,0.6844
2025-07-06 00:00:00+00:00,0.6465,0.3148,0.8019,0.6155,0.6829
2025-07-07 00:00:00+00:00,0.6484,0.3195,0.8043,0.6204,0.6848
2025-07-08 00:00:00+00:00,0.6493,0.323,0.8042,0.6204,0.6852
2025-07-09 00:00:00+00:00,0.6543,0.3269,0.7875,0.6208,0.6872
2025-07-10 00:00:00+00:00,0.6413,0.3205,0.7736,0.6139,0.6835
2025-07-11 00:00:00+00:00,0.6423,0.3265,0.7622,0.6101,0.6837
2025-07-12 00:00:00+00:00,0.6401,0.3313,0.7541,0.6094,0.6829
2025-07-13 00:00:00+00:00,0.6297,0.3201,0.7439,0.6066,0.6803
2025-07-14 00:00:00+00:00,0.6259,0.3183,0.7366,0.5942,0.6747
2025-07-15 00:00:00+00:00,0.6269,0.3207,0.7397,0.5952,0.6723
2025-07-16 00:00:00+00:00,0.6224,0.3639,0.7258,0.5944,0.6724
2025-07-17 00:00:00+00:00,0.6216,0.3582,0.7177,0.5951,0.6748
2025-07-18 00:00:00+00:00,0.6139,0.3513,0.6988,0.58,0.6664
2025-07-19 00:00:00+00:00,0.6147,0.3497,0.6826,0.5776,0.6667
2025-07-20 00:00:00+00:00,0.6142,0.3447,0.6632,0.5697,0.6617
2025-07-21 00:00:00+00:00,0.6139,0.3461,0.6543,0.5634,0.6557
2025-07-22 00:00:00+00:00,0.6067,0.3299,0.6473,0.559,0.6524
2025-07-23 00:00:00+00:00,0.5995,0.3378,0.6476,0.5613,0.6483
2025-07-24 00:00:00+00:00,0.603,0.3499,0.6479,0.5651,0.6532
2025-07-25 00:00:00+00:00,0.6031,0.3551,0.6517,0.5689,0.6532
2025-07-26 00:00:00+00:00,0.6003,0.3488,0.6488,0.5646,0.6498
2025-07-27 00:00:00+00:00,0.598,0.3386,0.6477,0.5624,0.6493
2025-07-28 00:00:00+00:00,0.5988,0.3469,0.6529,0.5704,0.6549
2025-07-29 00:00:00+00:00,0.5988,0.334,0.6583,0.5774,0.6627
2025-07-30 00:00:00+00:00,0.6034,0.3375,0.6623,0.5815,0.6698
2025-07-31 00:00:00+00:00,0.6,0.3382,0.6642,0.5828,0.67
2025-08-01 00:00:00+00:00,0.6027,0.3576,0.6689,0.5922,0.6745
2025-08-02 00:00:00+00:00,0.6004,0.3703,0.6693,0.5933,0.6722
2025-08-03 00:00:00+00:00,0.5986,0.3733,0.6705,0.5956,0.6723
2025-08-04 00:00:00+00:00,0.6002,0.37,0.6714,0.6008,0.6751
2025-08-05 00:00:00+00:00,0.6006,0.3715,0.6736,0.604,0.6795
2025-08-06 00:00:00+00:00,0.6015,0.3738,0.6747,0.6053,0.6812
2025-08-07 00:00:00+00:00,0.6036,0.3694,0.675,0.6052,0.6798
2025-08-08 00:00:00+00:00,0.6055,0.3762,0.6823,0.6089,0.6809
2025-08-09 00:00:00+00:00,0.6197,0.3817,0.6933,0.6232,0.6854
2025-08-10 00:00:00+00:00,0.616,0.3782,0.6929,0.6171,0.6806
2025-08-11 00:00:00+00:00,0.6171,0.3749,0.6916,0.5981,0.6767
2025-08-12 00:00:00+00:00,0.62,0.3754,0.6917,0.5956,0.6757
2025-08-13 00:00:00+00:00,0.6228,0.3767,0.69,0.5945,0.6715
2025-08-14 00:00:00+00:00,0.636,0.4304,0.7092,0.6104,0.6857
2025-08-15 00:00:00+00:00,0.6417,0.4436,0.7148,0.617,0.691
2025-08-16 00:00:00+00:00,0.6381,0.449,0.7143,0.6125,0.6906
2025-08-17 00:00:00+00:00,0.639,0.4488,0.7185,0.6221,0.6938
2025-08-18 00:00:00+00:00,0.6403,0.4533,0.7294,0.627,0.6959
2025-08-19 00:00:00+00:00,0.6421,0.458,0.7465,0.6339,0.7008
2025-08-20 00:00:00+00:00,0.6461,0.4621,0.7535,0.649,0.7011
2025-08-21 00:00:00+00:00,0.6478,0.4616,0.7563,0.6507,0.6989
2025-08-22 00:00:00+00:00,0.6482,0.4519,0.7581,0.6492,0.6917
2025-08-23 00:00:00+00:00,0.6442,0.4453,0.7597,0.6456,0.6614
2025-08-24 00:00:00+00:00,0.6438,0.4501,0.7601,0.6432,0.6564
2025-08-25 00:00:00+00:00,0.647,0.4664,0.7605,0.6455,0.6548
2025-08-26 00:00:00+00:00,0.6458,0.4864,0.7627,0.654,0.6574
2025-08-27 00:00:00+00:00,0.6428,0.4914,0.7615,0.6531,0.6548
2025-08-28 00:00:00+00:00,0.6401,0.5193,0.7585,0.6496,0.6484
2025-08-29 00:00:00+00:00,0.6384,0.5307,0.7573,0.6481,0.642
2025-08-30 00:00:00+00:00,0.6414,0.5348,0.7571,0.6473,0.64
2025-08-31 00:00:00+00:00,0.6375,0.5293,0.7545,0.6413,0.6296
2025-09-01 00:00:00+00:00,0.6392,0.5345,0.7565,0.6438,0.6307
2025-09-02 00:00:00+00:00,0.6384,0.5426,0.7552,0.6451,0.6306
2025-09-03 00:00:00+00:00,0.6369,0.5514,0.7536,0.6463,0.6283
2025-09-04 00:00:00+00:00,0.6366,0.5575,0.7515,0.6456,0.6231
2025-09-05 00:00:00+00:00,0.6316,0.5636,0.748,0.643,0.6218
2025-09-06 00:00:00+00:00,0.63,0.5172,0.7474,0.6431,0.6225
2025-09-07 00:00:00+00:00,0.6278,0.5049,0.7443,0.6424,0.6213
2025-09-08 00:00:00+00:00,0.6269,0.506,0.7452,0.6461,0.6241
2025-09-09 00:00:00+00:00,0.6253,0.5113,0.7466,0.662,0.6302
2025-09-10 00:00:00+00:00,0.6219,0.5181,0.7483,0.7004,0.6335
2025-09-11 00:00:00+00:00,0.6193,0.5252,0.7432,0.7107,0.6369
2025-09-12 00:00:00+00:00,0.6189,0.5335,0.7468,0.7341,0.6476
2025-09-13 00:00:00+00:00,0.5968,0.4929,0.7066,0.7223,0.6285
2025-09-14 00:00:00+00:00,0.5917,0.4896,0.6979,0.697,0.627
2025-09-15 00:00:00+00:00,0.5928,0.4943,0.6982,0.7042,0.6301
2025-09-16 00:00:00+00:00,0.5891,0.4941,0.6985,0.7031,0.6316
2025-09-17 00:00:00+00:00,0.5896,0.4981,0.6971,0.7057,0.6318
2025-09-18 00:00:00+00:00,0.585,0.494,0.6902,0.7019,0.6262
2025-09-19 00:00:00+00:00,0.5787,0.4889,0.6858,0.6962,0.622
2025-09-20 00:00:00+00:00,0.5712,0.4853,0.6801,0.69,0.6171
2025-09-21 00:00:00+00:00,0.552,0.4835,0.6698,0.6852,0.6138
2025-09-22 00:00:00+00:00,0.5501,0.4872,0.6721,0.6837,0.651
2025-09-23 00:00:00+00:00,0.5425,0.4804,0.6684,0.6812,0.652
2025-09-24 00:00:00+00:00,0.5252,0.4674,0.664,0.679,0.6507
2025-09-25 00:00:00+00:00,0.5154,0.461,0.6636,0.6735,0.6559
2025-09-26 00:00:00+00:00,0.5173,0.4572,0.666,0.6732,0.6597
2025-09-27 00:00:00+00:00,0.5114,0.452,0.664,0.6706,0.6628
2025-09-28 00:00:00+00:00,0.5046,0.4431,0.661,0.6686,0.6676
2025-09-29 00:00:00+00:00,0.5005,0.4371,0.6593,0.667,0.669
2025-09-30 00:00:00+00:00,0.5012,0.4304,0.6593,0.6669,0.6736
2025-10-01 00:00:00+00:00,0.4963,0.4168,0.6529,0.6601,0.6662
2025-10-02 00:00:00+00:00,0.492,0.4026,0.6453,0.6489,0.6589
2025-10-03 00:00:00+00:00,0.4942,0.4008,0.6483,0.6502,0.6601
2025-10-04 00:00:00+00:00,0.4944,0.3943,0.6479,0.6477,0.6642
2025-10-05 00:00:00+00:00,0.499,0.3892,0.6501,0.6479,0.6593
2025-10-06 00:00:00+00:00,0.5064,0.4574,0.6512,0.6494,0.6586
2025-10-07 00:00:00+00:00,0.507,0.4913,0.6574,0.6489,0.663
2025-10-08 00:00:00+00:00,0.5059,0.4976,0.6614,0.652,0.6651
2025-10-09 00:00:00+00:00,0.5048,0.5041,0.6624,0.6506,0.6642
2025-10-10 00:00:00+00:00,0.7454,0.7008,0.7933,0.7302,0.8091
2025-10-11 00:00:00+00:00,0.7362,0.6986,0.7911,0.7277,0.8045
2025-10-12 00:00:00+00:00,0.7358,0.6992,0.7875,0.7241,0.799
2025-10-13 00:00:00+00:00,0.7343,0.7006,0.7877,0.7228,0.7963
2025-10-14 00:00:00+00:00,0.7358,0.7017,0.7853,0.7232,0.7923
2025-10-15 00:00:00+00:00,0.7367,0.7002,0.7838,0.7221,0.7899
2025-10-16 00:00:00+00:00,0.7393,0.7002,0.7797,0.7188,0.7836
2025-10-17 00:00:00+00:00,0.7412,0.7023,0.7753,0.7169,0.7794
2025-10-18 00:00:00+00:00,0.7414,0.7041,0.7757,0.717,0.7798
2025-10-19 00:00:00+00:00,0.7414,0.7029,0.774,0.7157,0.7774
2025-10-20 00:00:00+00:00,0.7397,0.7018,0.7711,0.7134,0.7738
2025-10-21 00:00:00+00:00,0.7388,0.6992,0.7637,0.7079,0.7656
2025-10-22 00:00:00+00:00,0.7389,0.7006,0.7609,0.7055,0.763
2025-10-23 00:00:00+00:00,0.7362,0.6963,0.7575,0.7032,0.7602
2025-10-24 00:00:00+00:00,0.7385,0.6926,0.7556,0.7018,0.759
2025-10-25 00:00:00+00:00,0.7416,0.682,0.756,0.7016,0.7601
2025-10-26 00:00:00+00:00,0.7399,0.6819,0.7549,0.7009,0.7592
2025-10-27 00:00:00+00:00,0.739,0.6823,0.754,0.7001,0.7579
2025-10-28 00:00:00+00:00,0.7389,0.6836,0.7528,0.6991,0.7564
2025-10-29 00:00:00+00:00,0.7426,0.6923,0.7521,0.6988,0.755
2025-10-30 00:00:00+00:00,0.7406,0.6947,0.7485,0.695,0.751
2025-10-31 00:00:00+00:00,0.7391,0.6965,0.7454,0.6929,0.7479
2025-11-01 00:00:00+00:00,0.7405,0.6977,0.7468,0.6943,0.7496
2025-11-02 00:00:00+00:00,0.7415,0.699,0.7477,0.6952,0.7508
2025-11-03 00:00:00+00:00,0.7415,0.6965,0.746,0.6951,0.7488
2025-11-04 00:00:00+00:00,0.7435,0.7,0.7465,0.6961,0.7488
2025-11-05 00:00:00+00:00,0.743,0.701,0.7454,0.6944,0.747
2025-11-06 00:00:00+00:00,0.7438,0.7014,0.7429,0.6934,0.7452
2025-11-07 00:00:00+00:00,0.7472,0.7036,0.7418,0.6928,0.7439
2025-11-08 00:00:00+00:00,0.7484,0.7029,0.7425,0.6931,0.7448
2025-11-09 00:00:00+00:00,0.6529,0.6182,0.8007,0.7602,0.7541
2025-11-10 00:00:00+00:00,0.6622,0.6188,0.8118,0.6846,0.7555
2025-11-11 00:00:00+00:00,0.6628,0.6146,0.82,0.6251,0.7573
2025-11-12 00:00:00+00:00,0.6649,0.6114,0.8229,0.6147,0.7581
2025-11-13 00:00:00+00:00,0.6622,0.6085,0.8226,0.597,0.7586
2025-11-14 00:00:00+00:00,0.664,0.6199,0.8237,0.6005,0.7594
2025-11-15 00:00:00+00:00,0.6567,0.619,0.8185,0.5881,0.7533
2025-11-16 00:00:00+00:00,0.6513,0.6179,0.8186,0.5843,0.7574
2025-11-17 00:00:00+00:00,0.6536,0.6253,0.8205,0.5856,0.7632
2025-11-18 00:00:00+00:00,0.654,0.6367,0.8205,0.5896,0.7656
2025-11-19 00:00:00+00:00,0.6555,0.6403,0.8191,0.5904,0.7688
2025-11-20 00:00:00+00:00,0.6503,0.6397,0.8158,0.5874,0.7665
2025-11-21 00:00:00+00:00,0.6642,0.6481,0.8228,0.5967,0.7786
2025-11-22 00:00:00+00:00,0.6658,0.6582,0.8212,0.5974,0.7784
2025-11-23 00:00:00+00:00,0.663,0.6623,0.8195,0.5978,0.7771
2025-11-24 00:00:00+00:00,0.6625,0.6728,0.8211,0.6026,0.7774
2025-11-25 00:00:00+00:00,0.6621,0.672,0.8216,0.6051,0.7785
2025-11-26 00:00:00+00:00,0.6669,0.6702,0.8218,0.6075,0.7798
2025-11-27 00:00:00+00:00,0.6661,0.6676,0.8201,0.6053,0.7779
2025-11-28 00:00:00+00:00,0.6594,0.655,0.816,0.5995,0.7714
2025-11-29 00:00:00+00:00,0.6546,0.6538,0.816,0.5989,0.7704
2025-11-30 00:00:00+00:00,0.6549,0.6499,0.816,0.5977,0.7691
2025-12-01 00:00:00+00:00,0.6549,0.6465,0.8152,0.6011,0.7684
2025-12-02 00:00:00+00:00,0.6495,0.6436,0.8127,0.6023,0.7736
2025-12-03 00:00:00+00:00,0.6456,0.6479,0.8173,0.6012,0.7738
2025-12-04 00:00:00+00:00,0.6402,0.64,0.8222,0.5934,0.7719
2025-12-05 00:00:00+00:00,0.6381,0.6359,0.8214,0.594,0.7769
2025-12-06 00:00:00+00:00,0.635,0.6303,0.8211,0.5914,0.7748
2025-12-07 00:00:00+00:00,0.6272,0.6215,0.8224,0.589,0.7732
2025-12-08 00:00:00+00:00,0.6272,0.6164,0.8269,0.5926,0.7764
2025-12-09 00:00:00+00:00,0.6223,0.6096,0.8289,0.599,0.778
2025-12-10 00:00:00+00:00,0.6224,0.6046,0.8325,0.6438,0.7855
2025-12-11 00:00:00+00:00,0.6158,0.6013,0.8316,0.701,0.7869
2025-12-12 00:00:00+00:00,0.6122,0.5988,0.8322,0.7146,0.785
2025-12-13 00:00:00+00:00,0.6057,0.5943,0.8315,0.7334,0.7817
2025-12-14 00:00:00+00:00,0.5941,0.5738,0.8282,0.7331,0.7799
2025-12-15 00:00:00+00:00,0.5946,0.5694,0.8303,0.7439,0.7791
2025-12-16 00:00:00+00:00,0.5922,0.5588,0.8291,0.7461,0.7756
2025-12-17 00:00:00+00:00,0.5794,0.5479,0.8318,0.7663,0.7773
2025-12-18 00:00:00+00:00,0.5775,0.5337,0.8359,0.7633,0.7815
2025-12-19 00:00:00+00:00,0.5774,0.5271,0.8373,0.766,0.7816
2025-12-20 00:00:00+00:00,0.5742,0.5214,0.8375,0.7345,0.7798
2025-12-21 00:00:00+00:00,0.5477,0.4727,0.8289,0.7133,0.7383
2025-12-22 00:00:00+00:00,0.5488,0.4514,0.8336,0.7098,0.7262
2025-12-23 00:00:00+00:00,0.5486,0.4407,0.8353,0.7077,0.7209
2025-12-24 00:00:00+00:00,0.5487,0.4238,0.8338,0.7035,0.7172
2025-12-25 00:00:00+00:00,0.549,0.4148,0.8313,0.6965,0.7125
2025-12-26 00:00:00+00:00,0.5445,0.409,0.8318,0.6933,0.7087
2025-12-27 00:00:00+00:00,0.5432,0.4041,0.8324,0.6928,0.7083
2025-12-28 00:00:00+00:00,0.5417,0.4015,0.8323,0.6794,0.7075
2025-12-29 00:00:00+00:00,0.5505,0.3957,0.8327,0.6763,0.7064
2025-12-30 00:00:00+00:00,0.5501,0.3942,0.8328,0.6775,0.7164
2025-12-31 00:00:00+00:00,0.5449,0.3762,0.8291,0.6725,0.7138
2026-01-01 00:00:00+00:00,0.5446,0.3661,0.8236,0.6687,0.7156
2026-01-02 00:00:00+00:00,0.5426,0.3482,0.7931,0.6611,0.7084
2026-01-03 00:00:00+00:00,0.5378,0.3407,0.7821,0.65,0.7025
2026-01-04 00:00:00+00:00,0.5325,0.3252,0.7687,0.6452,0.6962
2026-01-05 00:00:00+00:00,0.5304,0.3257,0.7627,0.6426,0.6967
2026-01-06 00:00:00+00:00,0.5284,0.3235,0.7565,0.6403,0.6948
2026-01-07 00:00:00+00:00,0.5256,0.3264,0.7485,0.6374,0.694
2026-01-08 00:00:00+00:00,0.5318,0.3277,0.7445,0.6323,0.6956
2026-01-09 00:00:00+00:00,0.5266,0.3262,0.7439,0.6276,0.6937
2026-01-10 00:00:00+00:00,0.5278,0.3217,0.7427,0.6215,0.689
2026-01-11 00:00:00+00:00,0.5254,0.313,0.7385,0.6167,0.687
2026-01-12 00:00:00+00:00,0.5325,0.3191,0.744,0.6231,0.6949
2026-01-13 00:00:00+00:00,0.5345,0.3118,0.7409,0.6219,0.6938
2026-01-14 00:00:00+00:00,0.5318,0.3023,0.7387,0.6167,0.6934
2026-01-15 00:00:00+00:00,0.5331,0.2968,0.7384,0.6186,0.695
2026-01-16 00:00:00+00:00,0.5473,0.2764,0.7289,0.6063,0.6821
2026-01-17 00:00:00+00:00,0.5364,0.2488,0.7146,0.6035,0.6603
2026-01-18 00:00:00+00:00,0.5247,0.2264,0.7078,0.5959,0.6488
2026-01-19 00:00:00+00:00,0.5341,0.2251,0.7085,0.6405,0.6536
2026-01-20 00:00:00+00:00,0.5325,0.23,0.7085,0.6581,0.6922
2026-01-21 00:00:00+00:00,0.5437,0.2509,0.7177,0.679,0.7206
2026-01-22 00:00:00+00:00,0.5487,0.2528,0.7169,0.6864,0.7345
2026-01-23 00:00:00+00:00,0.5549,0.251,0.7194,0.6922,0.7424
2026-01-24 00:00:00+00:00,0.5535,0.2482,0.7179,0.6974,0.7444
2026-01-25 00:00:00+00:00,0.5534,0.2466,0.7151,0.6963,0.7465
2026-01-26 00:00:00+00:00,0.5613,0.2487,0.7175,0.6957,0.7517
2026-01-27 00:00:00+00:00,0.5509,0.2505,0.7189,0.7162,0.7545
2026-01-28 00:00:00+00:00,0.5282,0.2544,0.717,0.7224,0.7583
2026-01-29 00:00:00+00:00,0.517,0.2606,0.718,0.7283,0.7615
2026-01-30 00:00:00+00:00,0.5232,0.2774,0.7278,0.7386,0.7715
2026-01-31 00:00:00+00:00,0.5287,0.2946,0.7398,0.7486,0.7727
2026-02-01 00:00:00+00:00,0.5425,0.3079,0.7689,0.7586,0.7882
2026-02-02 00:00:00+00:00,0.5463,0.3321,0.7891,0.7775,0.8042
2026-02-03 00:00:00+00:00,0.5465,0.3444,0.8005,0.7845,0.8098
2026-02-04 00:00:00+00:00,0.5577,0.3562,0.8093,0.7961,0.8182
2026-02-05 00:00:00+00:00,0.5688,0.3861,0.8233,0.812,0.8171
2026-02-06 00:00:00+00:00,0.5633,0.3935,0.8302,0.8151,0.8196
2026-02-07 00:00:00+00:00,0.5589,0.3988,0.8304,0.8182,0.8194
2026-02-08 00:00:00+00:00,0.5593,0.4022,0.8309,0.8194,0.819
2026-02-09 00:00:00+00:00,0.5603,0.4082,0.8316,0.8195,0.8205
2026-02-10 00:00:00+00:00,0.5606,0.4158,0.8323,0.8199,0.8219
2026-02-11 00:00:00+00:00,0.5568,0.4174,0.8321,0.6725,0.8202
2026-02-12 00:00:00+00:00,0.5565,0.4243,0.8342,0.6734,0.8137
2026-02-13 00:00:00+00:00,0.5587,0.4284,0.8338,0.6719,0.812
2026-02-14 00:00:00+00:00,0.5563,0.4348,0.8247,0.6681,0.8073
2026-02-15 00:00:00+00:00,0.5562,0.4422,0.8163,0.6697,0.806
2026-02-16 00:00:00+00:00,0.5567,0.4443,0.8168,0.672,0.8079
2026-02-17 00:00:00+00:00,0.5585,0.4536,0.8159,0.6736,0.8079
2026-02-18 00:00:00+00:00,0.5584,0.4649,0.8196,0.6759,0.8071
2026-02-19 00:00:00+00:00,0.559,0.479,0.8195,0.6762,0.8068
2026-02-20 00:00:00+00:00,0.5568,0.472,0.8164,0.6758,0.7997
2026-02-21 00:00:00+00:00,0.5551,0.4772,0.8155,0.6736,0.7951
2026-02-22 00:00:00+00:00,0.5528,0.4922,0.814,0.671,0.7929
2026-02-23 00:00:00+00:00,0.5548,0.4962,0.8133,0.673,0.793
2026-02-24 00:00:00+00:00,0.5552,0.5026,0.8137,0.6753,0.7943
2026-02-25 00:00:00+00:00,0.5547,0.5034,0.8112,0.6718,0.7945
2026-02-26 00:00:00+00:00,0.5611,0.5058,0.812,0.6719,0.7931
2026-02-27 00:00:00+00:00,0.571,0.5075,0.812,0.6719,0.7927
2026-02-28 00:00:00+00:00,0.5821,0.5119,0.8141,0.6743,0.7959
2026-03-01 00:00:00+00:00,0.5866,0.5164,0.8147,0.6736,0.7955
2026-03-02 00:00:00+00:00,0.5893,0.5138,0.8176,0.6721,0.7952
2026-03-03 00:00:00+00:00,0.5872,0.5087,0.8157,0.6704,0.7883
2026-03-04 00:00:00+00:00,0.5939,0.4962,0.8065,0.6653,0.7813
2026-03-05 00:00:00+00:00,0.6038,0.4849,0.8054,0.6616,0.7771
2026-03-06 00:00:00+00:00,0.6023,0.4756,0.8015,0.658,0.7724
2026-03-07 00:00:00+00:00,0.5879,0.4471,0.7891,0.638,0.7671
2026-03-08 00:00:00+00:00,0.5929,0.438,0.7846,0.6216,0.7606
2026-03-09 00:00:00+00:00,0.5913,0.4296,0.7869,0.6224,0.7619
2026-03-10 00:00:00+00:00,0.5854,0.4221,0.7817,0.6201,0.7607
2026-03-11 00:00:00+00:00,0.5798,0.4106,0.7809,0.6181,0.7601
2026-03-12 00:00:00+00:00,0.5769,0.4034,0.7807,0.6175,0.7603
2026-03-13 00:00:00+00:00,0.5769,0.3982,0.7765,0.7613,0.76
2026-03-14 00:00:00+00:00,0.5733,0.3916,0.776,0.764,0.7674
2026-03-15 00:00:00+00:00,0.5696,0.3866,0.7758,0.7683,0.7676
2026-03-16 00:00:00+00:00,0.5657,0.3846,0.7815,0.7714,0.7739
2026-03-17 00:00:00+00:00,0.5586,0.3774,0.7905,0.7705,0.7736
2026-03-18 00:00:00+00:00,0.5488,0.3773,0.79,0.7717,0.7736
2026-03-19 00:00:00+00:00,0.544,0.3712,0.7911,0.77,0.7726
2026-03-20 00:00:00+00:00,0.542,0.366,0.7906,0.7686,0.775
2026-03-21 00:00:00+00:00,0.5423,0.3556,0.7902,0.7672,0.7741
2026-03-22 00:00:00+00:00,0.5389,0.3555,0.7918,0.7657,0.7806
2026-03-23 00:00:00+00:00,0.5599,0.3782,0.8019,0.7792,0.797
2026-03-24 00:00:00+00:00,0.5607,0.3751,0.8025,0.7823,0.799
2026-03-25 00:00:00+00:00,0.5591,0.3681,0.8017,0.7813,0.7962
2026-03-26 00:00:00+00:00,0.5597,0.3583,0.8011,0.78,0.7953
2026-03-27 00:00:00+00:00,0.5586,0.354,0.8047,0.8056,0.7945
2026-03-28 00:00:00+00:00,0.5555,0.3462,0.8018,0.812,0.7961
2026-03-29 00:00:00+00:00,0.5558,0.344,0.8042,0.8155,0.7995
2026-03-30 00:00:00+00:00,0.5542,0.3322,0.8008,0.8132,0.7945
2026-03-31 00:00:00+00:00,0.5557,0.3204,0.799,0.8124,0.7941
2026-04-01 00:00:00+00:00,0.5576,0.3164,0.7934,0.8105,0.7968
2026-04-02 00:00:00+00:00,0.5566,0.3129,0.7908,0.7759,0.8059
2026-04-03 00:00:00+00:00,0.5496,0.3067,0.7957,0.7667,0.808
2026-04-04 00:00:00+00:00,0.5429,0.3048,0.7942,0.762,0.8109
2026-04-05 00:00:00+00:00,0.5401,0.3032,0.7958,0.7588,0.8126
2026-04-06 00:00:00+00:00,0.5408,0.301,0.7951,0.7593,0.8092
2026-04-07 00:00:00+00:00,0.5411,0.293,0.7873,0.7549,0.7975
2026-04-08 00:00:00+00:00,0.5482,0.2903,0.7812,0.7495,0.789
2026-04-09 00:00:00+00:00,0.5585,0.2887,0.7854,0.7478,0.7875
2026-04-10 00:00:00+00:00,0.5638,0.2878,0.7821,0.7437,0.7815
2026-04-11 00:00:00+00:00,0.5669,0.2894,0.7818,0.7413,0.7767
2026-04-12 00:00:00+00:00,0.5751,0.2886,0.7874,0.7456,0.7758
2026-04-13 00:00:00+00:00,0.5812,0.2866,0.7876,0.7453,0.7631
2026-04-14 00:00:00+00:00,0.5795,0.2872,0.7813,0.7441,0.7596
2026-04-15 00:00:00+00:00,0.5882,0.282,0.789,0.749,0.7436
2026-04-16 00:00:00+00:00,0.5937,0.2762,0.788,0.7526,0.7374
2026-04-17 00:00:00+00:00,0.6091,0.2713,0.785,0.7492,0.7278
2026-04-18 00:00:00+00:00,0.6135,0.2675,0.7837,0.7488,0.683
2026-04-19 00:00:00+00:00,0.6145,0.2593,0.7803,0.7477,0.6483
2026-04-20 00:00:00+00:00,0.6151,0.2621,0.7807,0.7485,0.6333
2026-04-21 00:00:00+00:00,0.6169,0.2545,0.7789,0.7482,0.6231
2026-04-22 00:00:00+00:00,0.586,0.207,0.7556,0.7279,0.5918
2026-04-23 00:00:00+00:00,0.5869,0.2034,0.7507,0.7273,0.5857
2026-04-24 00:00:00+00:00,0.5873,0.199,0.7508,0.7295,0.5825
2026-04-25 00:00:00+00:00,0.586,0.1943,0.747,0.7261,0.5765
2026-04-26 00:00:00+00:00,0.5847,0.1849,0.7394,0.7207,0.568
2026-04-27 00:00:00+00:00,0.5863,0.183,0.7444,0.7229,0.5678
2026-04-28 00:00:00+00:00,0.5842,0.1746,0.7363,0.7195,0.5618
2026-04-29 00:00:00+00:00,0.5815,0.1758,0.7055,0.7216,0.5603
2026-04-30 00:00:00+00:00,0.5732,0.1727,0.6904,0.7183,0.5519
2026-05-01 00:00:00+00:00,0.5656,0.1685,0.6833,0.7184,0.5456
2026-05-02 00:00:00+00:00,0.5579,0.163,0.677,0.7545,0.5385
2026-05-03 00:00:00+00:00,0.5566,0.1487,0.6804,0.7612,0.538
2026-05-04 00:00:00+00:00,0.5612,0.1395,0.6858,0.7656,0.5459
2026-05-05 00:00:00+00:00,0.5586,0.1341,0.6786,0.7655,0.5425
2026-05-06 00:00:00+00:00,0.5586,0.1286,0.6763,0.7629,0.5445
2026-05-07 00:00:00+00:00,0.5545,0.1264,0.678,0.7624,0.5475
2026-05-08 00:00:00+00:00,0.5531,0.1149,0.6778,0.7494,0.5466
2026-05-09 00:00:00+00:00,0.545,0.1091,0.6733,0.7361,0.5373
2026-05-10 00:00:00+00:00,0.5508,0.1129,0.6726,0.7006,0.533
2026-05-11 00:00:00+00:00,0.5539,0.1107,0.6757,0.6962,0.5353
2026-05-12 00:00:00+00:00,0.5514,0.1067,0.6743,0.6944,0.5309
2026-05-13 00:00:00+00:00,0.5494,0.1096,0.6741,0.6937,0.5333
2026-05-14 00:00:00+00:00,0.5417,0.1105,0.6715,0.6965,0.5386
2026-05-15 00:00:00+00:00,0.5168,0.1159,0.6726,0.6977,0.5484
2026-05-16 00:00:00+00:00,0.5137,0.1143,0.6663,0.6897,0.5438
2026-05-17 00:00:00+00:00,0.4996,0.1111,0.6671,0.6909,0.5463
2026-05-18 00:00:00+00:00,0.4936,0.1103,0.6719,0.6923,0.5845
2026-05-19 00:00:00+00:00,0.4951,0.1158,0.6741,0.6934,0.6248
2026-05-20 00:00:00+00:00,0.4797,0.1129,0.6759,0.688,0.6479
2026-05-21 00:00:00+00:00,0.4484,0.1075,0.6809,0.6843,0.6654
2026-05-22 00:00:00+00:00,0.4247,0.1038,0.6858,0.6807,0.6819
2026-05-23 00:00:00+00:00,0.4196,0.1019,0.6958,0.675,0.6909
2026-05-24 00:00:00+00:00,0.415,0.1078,0.7,0.6786,0.7044
2026-05-25 00:00:00+00:00,0.4102,0.1079,0.7018,0.6763,0.7082
2026-05-26 00:00:00+00:00,0.4158,0.1076,0.7098,0.6839,0.7187
2026-05-27 00:00:00+00:00,0.4166,0.1137,0.7118,0.6745,0.725
2026-05-28 00:00:00+00:00,0.4206,0.1238,0.7176,0.6729,0.728
2026-05-29 00:00:00+00:00,0.4241,0.1206,0.7343,0.6635,0.7292
2026-05-30 00:00:00+00:00,0.4209,0.1184,0.74,0.6616,0.7299
2026-05-31 00:00:00+00:00,0.421,0.1187,0.7476,0.6644,0.7346
