coin,rule,fee,delay,gross_bps_day,gross_t,net_bps_day,sharpe,sharpe_low,sharpe_high,max_drawdown,turnover_day,breakeven_bps,beta,buy_and_hold_bps_day,time_in_market,long_share
hype,median,taker,0,21.914352,0.768802,-174.329854,-7.92281,-10.804126,-5.393184,3.344529,39.291209,0.563133,-0.135691,57.33225,0.903465,0.488853
hype,median,taker,1,23.719546,0.859244,-172.530384,-7.881181,-10.789094,-5.357838,3.27626,39.291209,0.608932,-0.117961,57.33225,0.903465,0.488853
hype,median,maker,0,21.914352,0.768802,-56.456227,-2.58473,-4.819239,-0.325748,1.384537,39.291209,0.563133,-0.14075,57.33225,0.903465,0.488853
hype,median,maker,1,23.719546,0.859244,-54.656757,-2.518515,-4.705608,-0.35199,1.243648,39.291209,0.608932,-0.123121,57.33225,0.903465,0.488853
hype,outer30,taker,0,13.296917,0.553033,-146.271289,-7.727066,-10.311281,-5.539882,2.801771,31.945055,0.42116,-0.110848,57.33225,0.757059,0.487483
hype,outer30,taker,1,11.54769,0.458764,-148.051499,-7.691575,-10.566929,-5.29952,2.830686,31.945055,0.365433,-0.105929,57.33225,0.757059,0.487483
hype,outer30,maker,0,13.296917,0.553033,-50.436124,-2.659321,-4.633512,-0.664562,1.146847,31.945055,0.42116,-0.110388,57.33225,0.757059,0.487483
hype,outer30,maker,1,11.54769,0.458764,-52.216334,-2.719112,-4.923036,-0.577993,1.157608,31.945055,0.365433,-0.105486,57.33225,0.757059,0.487483
hype,outer10,taker,0,5.860556,0.266783,-58.806966,-4.141048,-5.998478,-2.014918,1.201629,12.950549,0.459114,-0.095201,57.33225,0.30525,0.464135
hype,outer10,taker,1,-2.171415,-0.104609,-66.840142,-4.826989,-6.858142,-2.735817,1.321888,12.950549,-0.161182,-0.093944,57.33225,0.30525,0.464135
hype,outer10,maker,0,5.860556,0.266783,-19.955317,-1.402156,-3.526937,1.183764,0.610854,12.950549,0.459114,-0.086308,57.33225,0.30525,0.464135
hype,outer10,maker,1,-2.171415,-0.104609,-27.988494,-2.011242,-4.122784,0.352799,0.684167,12.950549,-0.161182,-0.085137,57.33225,0.30525,0.464135
trx,median,taker,0,3.926007,0.488566,-33.095382,-5.208528,-8.813517,-2.05624,0.646381,7.351648,0.498237,0.007311,13.085252,0.9822,0.551183
trx,median,taker,1,3.732625,0.456897,-33.273504,-5.278207,-8.976786,-2.066423,0.649535,7.351648,0.474008,0.003788,13.085252,0.9822,0.551183
trx,median,maker,0,3.926007,0.488566,-11.040437,-1.820922,-4.522042,0.670003,0.307997,7.351648,0.498237,0.021562,13.085252,0.9822,0.551183
trx,median,maker,1,3.732625,0.456897,-11.218559,-1.868354,-4.632209,0.699218,0.319231,7.351648,0.474008,0.018138,13.085252,0.9822,0.551183
trx,outer30,taker,0,6.162784,0.81541,-27.767803,-5.145998,-9.041091,-1.794304,0.54199,6.763736,0.894606,0.011162,13.085252,0.716365,0.596947
trx,outer30,taker,1,7.287216,0.979959,-26.624462,-4.986704,-8.872441,-1.636989,0.524737,6.763736,1.063646,0.005826,13.085252,0.716365,0.596947
trx,outer30,maker,0,6.162784,0.81541,-7.476594,-1.455663,-4.402251,1.254965,0.258931,6.763736,0.894606,0.01317,13.085252,0.716365,0.596947
trx,outer30,maker,1,7.287216,0.979959,-6.333253,-1.247517,-4.178671,1.446497,0.247275,6.763736,1.063646,0.00778,13.085252,0.716365,0.596947
trx,outer10,taker,0,3.168076,0.873847,-18.377181,-5.633512,-8.368006,-3.129563,0.353991,4.335165,0.760904,0.033697,13.085252,0.351954,0.627756
trx,outer10,taker,1,3.574601,1.012682,-17.972295,-5.497636,-8.235662,-2.993508,0.346656,4.335165,0.854299,0.04022,13.085252,0.351954,0.627756
trx,outer10,maker,0,3.168076,0.873847,-5.371686,-1.73148,-3.888593,0.323439,0.124041,4.335165,0.760904,0.036377,13.085252,0.351954,0.627756
trx,outer10,maker,1,3.574601,1.012682,-4.966801,-1.5967,-3.704565,0.420041,0.120369,4.335165,0.854299,0.042899,13.085252,0.351954,0.627756
doge,median,taker,0,59.789351,3.151876,-322.521019,-23.73689,-29.705786,-19.200685,5.869883,76.456044,0.781615,-0.204067,-13.893009,0.809161,0.488032
doge,median,taker,1,53.837787,2.477972,-328.499683,-25.299252,-30.751599,-20.937911,5.978694,76.456044,0.703418,-0.16799,-13.893009,0.809161,0.488032
doge,median,maker,0,59.789351,3.151876,-93.152887,-6.585212,-9.512005,-4.109096,1.695383,76.456044,0.781615,-0.213717,-13.893009,0.809161,0.488032
doge,median,maker,1,53.837787,2.477972,-99.131551,-7.359109,-10.513274,-4.517514,1.804194,76.456044,0.703418,-0.177994,-13.893009,0.809161,0.488032
doge,outer30,taker,0,51.39873,3.073273,-245.27329,-20.375852,-24.621628,-16.987385,4.463974,59.326923,0.865734,-0.218776,-13.893009,0.806071,0.495011
doge,outer30,taker,1,43.241331,2.215296,-253.442656,-21.626655,-25.663912,-18.316343,4.612656,59.326923,0.728033,-0.164413,-13.893009,0.806071,0.495011
doge,outer30,maker,0,51.39873,3.073273,-67.292521,-5.446331,-8.024803,-3.2352,1.224724,59.326923,0.865734,-0.22051,-13.893009,0.806071,0.495011
doge,outer30,maker,1,43.241331,2.215296,-75.461887,-6.283842,-9.188801,-3.707061,1.373406,59.326923,0.728033,-0.166385,-13.893009,0.806071,0.495011
doge,outer10,taker,0,26.792328,1.729096,-83.034161,-8.718801,-11.235852,-6.531712,1.511222,21.961538,1.21911,-0.142026,-13.893009,0.354167,0.502663
doge,outer10,taker,1,22.758178,1.409097,-87.080437,-9.648698,-12.278703,-7.297631,1.584864,21.961538,1.034866,-0.094315,-13.893009,0.354167,0.502663
doge,outer10,maker,0,26.792328,1.729096,-17.149545,-1.795831,-4.356931,0.527413,0.354113,21.961538,1.21911,-0.139391,-13.893009,0.354167,0.502663
doge,outer10,maker,1,22.758178,1.409097,-21.195821,-2.332482,-5.170935,0.242421,0.386924,21.961538,1.034866,-0.091831,-13.893009,0.354167,0.502663
uni,median,taker,0,68.694254,2.716129,-308.775652,-17.389069,-20.751559,-14.972857,5.641348,75.505495,0.910554,-0.154633,-29.177558,0.813683,0.501583
uni,median,taker,1,65.047487,2.175803,-312.400913,-16.809986,-20.733646,-14.263576,5.685697,75.505495,0.862541,-0.142164,-29.177558,0.813683,0.501583
uni,median,maker,0,68.694254,2.716129,-82.259169,-4.492815,-6.568585,-2.435794,1.556849,75.505495,0.910554,-0.159355,-29.177558,0.813683,0.501583
uni,median,maker,1,65.047487,2.175803,-85.88443,-4.512817,-6.770721,-2.22052,1.581655,75.505495,0.862541,-0.147318,-29.177558,0.813683,0.501583
uni,outer30,taker,0,46.775197,2.09925,-244.058911,-15.355492,-18.510414,-13.007904,4.44211,58.181319,0.805201,-0.130273,-29.177558,0.807044,0.489334
uni,outer30,taker,1,46.069402,1.799549,-244.744683,-14.396027,-18.002994,-12.00148,4.454353,58.181319,0.793415,-0.09444,-29.177558,0.807044,0.489334
uni,outer30,maker,0,46.775197,2.09925,-69.514954,-4.33513,-6.528983,-2.153188,1.283785,58.181319,0.805201,-0.129704,-29.177558,0.807044,0.489334
uni,outer30,maker,1,46.069402,1.799549,-70.200727,-4.106535,-6.401625,-1.787575,1.299249,58.181319,0.793415,-0.09425,-29.177558,0.807044,0.489334
uni,outer10,taker,0,14.666062,0.852931,-91.677374,-6.316639,-8.505089,-4.797739,1.668528,21.277473,0.691341,-0.063612,-29.177558,0.344074,0.500236
uni,outer10,taker,1,7.738648,0.393868,-98.59865,-6.350105,-8.753747,-4.7931,1.794495,21.277473,0.366054,-0.028778,-29.177558,0.344074,0.500236
uni,outer10,maker,0,14.666062,0.852931,-27.844956,-1.973829,-3.710106,0.03127,0.513315,21.277473,0.691341,-0.056296,-29.177558,0.344074,0.500236
uni,outer10,maker,1,7.738648,0.393868,-34.766233,-2.303041,-4.099435,-0.197931,0.632745,21.277473,0.366054,-0.021628,-29.177558,0.344074,0.500236
aave,median,taker,0,55.125486,1.993247,-323.020933,-21.185132,-24.752041,-18.198088,5.878981,75.626374,0.728726,-0.052264,-33.4918,0.813416,0.50228
aave,median,taker,1,53.635393,1.89814,-324.512046,-21.47681,-25.10955,-18.426134,5.906119,75.626374,0.70901,-0.058829,-33.4918,0.813416,0.50228
aave,median,maker,0,55.125486,1.993247,-96.141812,-6.063332,-8.837792,-3.398274,1.749781,75.626374,0.728726,-0.057898,-33.4918,0.813416,0.50228
aave,median,maker,1,53.635393,1.89814,-97.632925,-6.263328,-9.177829,-3.46121,1.776919,75.626374,0.70901,-0.064548,-33.4918,0.813416,0.50228
aave,outer30,taker,0,34.072633,1.437031,-259.586331,-18.439176,-21.550599,-15.800296,4.724471,58.725275,0.579649,-0.057667,-33.4918,0.811413,0.503402
aave,outer30,taker,1,33.926704,1.375828,-259.73715,-18.935444,-21.846512,-16.481984,4.727216,58.725275,0.577081,-0.061411,-33.4918,0.811413,0.503402
aave,outer30,maker,0,34.072633,1.437031,-83.410507,-5.845408,-8.582228,-3.291861,1.518071,58.725275,0.579649,-0.060305,-33.4918,0.811413,0.503402
aave,outer30,maker,1,33.926704,1.375828,-83.561326,-6.0101,-8.769543,-3.339898,1.520816,58.725275,0.577081,-0.064073,-33.4918,0.811413,0.503402
aave,outer10,taker,0,9.861647,0.641116,-97.803057,-9.343491,-11.758076,-7.082534,1.780016,21.532967,0.457985,-0.070766,-33.4918,0.348958,0.509534
aave,outer10,taker,1,14.05924,0.900746,-93.612142,-9.204589,-11.404938,-7.091556,1.703741,21.532967,0.652613,-0.064324,-33.4918,0.348958,0.509534
aave,outer10,maker,0,9.861647,0.641116,-33.204155,-3.256465,-5.68829,-0.860943,0.607457,21.532967,0.457985,-0.071269,-33.4918,0.348958,0.509534
aave,outer10,maker,1,14.05924,0.900746,-29.013241,-2.924788,-5.316246,-0.464766,0.528786,21.532967,0.652613,-0.065072,-33.4918,0.348958,0.509534
