day,hype_strategy,hype_buy_and_hold,trx_strategy,trx_buy_and_hold,doge_strategy,doge_buy_and_hold,uni_strategy,uni_buy_and_hold,aave_strategy,aave_buy_and_hold,portfolio_strategy
2025-12-01 00:00:00+00:00,-0.007967,-0.024965,3.8e-05,-0.016146,-0.009243,-0.07084,-0.003323,-0.070432,-0.005108,-0.035966,-0.005121
2025-12-02 00:00:00+00:00,0.024135,0.066553,-0.009538,-0.001145,-0.04222,0.005549,-0.038805,-0.013427,-0.048376,0.072045,-0.022961
2025-12-03 00:00:00+00:00,0.048153,0.090248,-0.014417,-0.003139,-0.047811,0.045974,-0.030122,0.018357,-0.039723,0.113988,-0.016784
2025-12-04 00:00:00+00:00,0.043418,0.057607,-0.013859,0.017914,-0.037624,0.017938,-0.010263,-0.005402,-0.034653,0.07697,-0.010596
2025-12-05 00:00:00+00:00,0.023588,-0.018589,-0.010483,0.015503,-0.059395,-0.035476,-0.040863,-0.087477,-0.053371,0.039946,-0.028105
2025-12-06 00:00:00+00:00,0.023904,-0.019202,-0.014047,0.020372,-0.059517,-0.033827,-0.044648,-0.070655,-0.067785,0.061433,-0.032419
2025-12-07 00:00:00+00:00,0.023519,-0.058852,-0.029841,0.019675,-0.096446,-0.041558,-0.067182,-0.089176,-0.105678,0.06186,-0.055126
2025-12-08 00:00:00+00:00,0.035677,-0.066759,-0.041281,0.000208,-0.102158,-0.013351,-0.059471,-0.060594,-0.11702,0.083366,-0.056851
2025-12-09 00:00:00+00:00,0.021977,-0.120619,-0.043093,0.003731,-0.142236,0.024325,-0.106419,-0.037438,-0.162473,0.140152,-0.086449
2025-12-10 00:00:00+00:00,0.019038,-0.087604,-0.055596,-0.003786,-0.13776,-0.007182,-0.109434,-0.06303,-0.152689,0.113062,-0.087288
2025-12-11 00:00:00+00:00,0.009647,-0.076811,-0.058857,-0.002535,-0.15224,-0.027847,-0.123711,-0.072142,-0.174046,0.14111,-0.099842
2025-12-12 00:00:00+00:00,0.047617,-0.09535,-0.073845,-0.026619,-0.167475,-0.052369,-0.151157,-0.095041,-0.21479,0.086348,-0.11193
2025-12-13 00:00:00+00:00,0.042313,-0.06079,-0.076797,-0.036234,-0.167261,-0.036804,-0.151157,-0.080832,-0.219786,0.118557,-0.114538
2025-12-14 00:00:00+00:00,0.064134,-0.086825,-0.080765,-0.013015,-0.169858,-0.072567,-0.149693,-0.115221,-0.219246,0.073372,-0.111086
2025-12-15 00:00:00+00:00,0.068265,-0.129281,-0.08642,-0.009587,-0.196548,-0.104806,-0.183026,-0.158748,-0.289953,0.096238,-0.137536
2025-12-16 00:00:00+00:00,0.074916,-0.158031,-0.085386,-0.002828,-0.198342,-0.089152,-0.175299,-0.135108,-0.281746,0.061538,-0.133171
2025-12-17 00:00:00+00:00,0.010431,-0.244518,-0.079964,-0.004792,-0.240569,-0.130531,-0.202998,-0.17995,-0.30692,0.028171,-0.164004
2025-12-18 00:00:00+00:00,0.001063,-0.326854,-0.098293,-0.005937,-0.269221,-0.164033,-0.248231,-0.181159,-0.325511,-0.007627,-0.188038
2025-12-19 00:00:00+00:00,0.005463,-0.21981,-0.10041,-0.003215,-0.300647,-0.081102,-0.24527,-0.108736,-0.357716,0.038897,-0.199716
2025-12-20 00:00:00+00:00,-0.004651,-0.254803,-0.106947,0.003609,-0.298992,-0.083146,-0.266008,0.068841,-0.356503,0.029367,-0.20662
2025-12-21 00:00:00+00:00,-0.016587,-0.220083,-0.109759,0.026034,-0.310163,-0.089439,-0.288579,0.045359,-0.38863,-0.052502,-0.222744
2025-12-22 00:00:00+00:00,0.006042,-0.21823,-0.123341,0.012395,-0.320564,-0.078451,-0.307649,0.029655,-0.399015,-0.140823,-0.228905
2025-12-23 00:00:00+00:00,0.016066,-0.25502,-0.124478,0.009404,-0.319161,-0.103057,-0.312791,-0.005413,-0.366312,-0.139427,-0.221335
2025-12-24 00:00:00+00:00,0.006209,-0.204928,-0.133216,-0.001889,-0.320959,-0.108783,-0.311042,-0.010752,-0.36824,-0.153162,-0.22545
2025-12-25 00:00:00+00:00,0.014744,-0.235617,-0.137937,-0.007564,-0.311675,-0.147152,-0.31142,-0.004691,-0.370433,-0.150808,-0.223344
2025-12-26 00:00:00+00:00,0.003296,-0.178612,-0.142173,-0.004728,-0.329994,-0.159372,-0.321978,-0.001765,-0.382442,-0.115637,-0.234658
2025-12-27 00:00:00+00:00,0.011951,-0.171357,-0.142478,0.014781,-0.329673,-0.140937,-0.319,0.021746,-0.382442,-0.097612,-0.232328
2025-12-28 00:00:00+00:00,0.017936,-0.1952,-0.1463,0.014921,-0.328711,-0.144316,-0.31948,0.065676,-0.382675,-0.119713,-0.231846
2025-12-29 00:00:00+00:00,0.009357,-0.177482,-0.145248,0.015097,-0.326249,-0.153034,-0.323092,0.027771,-0.378882,-0.146807,-0.232823
2025-12-30 00:00:00+00:00,0.004658,-0.170736,-0.150652,0.01959,-0.324713,-0.149288,-0.319345,0.016251,-0.374336,-0.146606,-0.232878
2025-12-31 00:00:00+00:00,0.004658,-0.190493,-0.163912,0.01323,-0.331895,-0.196749,-0.323692,-0.031714,-0.378572,-0.169898,-0.238683
2026-01-01 00:00:00+00:00,-0.025713,-0.237994,-0.167751,0.022338,-0.354432,-0.116858,-0.326441,-0.00191,-0.378254,-0.150025,-0.250518
2026-01-02 00:00:00+00:00,-0.022504,-0.223351,-0.175592,0.029099,-0.381932,0.001605,-0.311751,0.037711,-0.369493,-0.040571,-0.252254
2026-01-03 00:00:00+00:00,-0.005524,-0.191722,-0.176087,0.052533,-0.394574,0.010491,-0.321773,0.017661,-0.367107,-0.053229,-0.253013
2026-01-04 00:00:00+00:00,-0.021026,-0.133163,-0.172414,0.046547,-0.416033,0.055014,-0.32574,0.005994,-0.362442,-0.046666,-0.259531
2026-01-05 00:00:00+00:00,-0.008642,-0.146639,-0.174033,0.039708,-0.394688,0.069803,-0.360888,0.059886,-0.368728,-0.00602,-0.261396
2026-01-06 00:00:00+00:00,0.011472,-0.08113,-0.178693,0.047176,-0.417016,0.062088,-0.341938,0.044788,-0.353378,0.025485,-0.255911
2026-01-07 00:00:00+00:00,0.014592,-0.129721,-0.175277,0.060847,-0.41686,0.034576,-0.357128,-0.012077,-0.371538,-0.022259,-0.261242
2026-01-08 00:00:00+00:00,0.014886,-0.174092,-0.184153,0.049508,-0.439229,0.004167,-0.339019,-0.053845,-0.378817,-0.043244,-0.265266
2026-01-09 00:00:00+00:00,0.016779,-0.197503,-0.197285,0.061893,-0.421808,-0.004572,-0.309341,-0.057128,-0.353466,-0.034779,-0.253024
2026-01-10 00:00:00+00:00,0.004141,-0.238746,-0.203362,0.075066,-0.420458,-0.01218,-0.306123,-0.05603,-0.353466,-0.03955,-0.255854
2026-01-11 00:00:00+00:00,0.004141,-0.222313,-0.200963,0.06524,-0.41927,-0.023929,-0.297611,-0.059686,-0.347641,-0.021348,-0.252269
2026-01-12 00:00:00+00:00,0.029141,-0.250227,-0.201067,0.066443,-0.431227,-0.034151,-0.2999,-0.075646,-0.3452,-0.038807,-0.249651
2026-01-13 00:00:00+00:00,0.029529,-0.166059,-0.204295,0.090837,-0.440534,0.051398,-0.307825,-0.0076,-0.346938,0.038699,-0.254013
2026-01-14 00:00:00+00:00,0.047973,-0.15767,-0.202176,0.082595,-0.445722,0.044044,-0.303855,-0.016153,-0.35202,0.042414,-0.25116
2026-01-15 00:00:00+00:00,0.050859,-0.205542,-0.196019,0.109233,-0.458047,-0.004556,-0.320166,-0.074956,-0.360812,0.004787,-0.256837
2026-01-16 00:00:00+00:00,0.050859,-0.19454,-0.204913,0.099155,-0.466199,-0.018345,-0.340141,-0.081316,-0.362954,0.025997,-0.26467
2026-01-17 00:00:00+00:00,0.053465,-0.177536,-0.217956,0.128663,-0.466144,-0.020011,-0.341195,-0.07435,-0.363694,0.01721,-0.267105
2026-01-18 00:00:00+00:00,0.054675,-0.215421,-0.215716,0.125524,-0.503299,-0.065363,-0.381949,-0.12221,-0.390569,-0.01186,-0.287372
2026-01-19 00:00:00+00:00,0.06526,-0.245761,-0.231783,0.10729,-0.546434,-0.084138,-0.424571,-0.135954,-0.418866,-0.040496,-0.311279
2026-01-20 00:00:00+00:00,0.061769,-0.360967,-0.230735,0.058661,-0.521578,-0.129068,-0.402538,-0.180947,-0.41745,-0.105437,-0.302106
2026-01-21 00:00:00+00:00,0.082351,-0.334945,-0.22938,0.06709,-0.573938,-0.103518,-0.440426,-0.152179,-0.481363,-0.065098,-0.328551
2026-01-22 00:00:00+00:00,0.096541,-0.339032,-0.227632,0.087251,-0.572862,-0.120364,-0.439241,-0.172443,-0.482001,-0.07909,-0.325039
2026-01-23 00:00:00+00:00,0.030562,-0.283342,-0.225688,0.062802,-0.573207,-0.117227,-0.431622,-0.16541,-0.478488,-0.080299,-0.335689
2026-01-24 00:00:00+00:00,0.034407,-0.258159,-0.223096,0.054437,-0.574365,-0.121638,-0.430687,-0.168902,-0.477871,-0.08565,-0.334322
2026-01-25 00:00:00+00:00,0.039859,-0.301729,-0.225745,0.055623,-0.579346,-0.160059,-0.438384,-0.214038,-0.50296,-0.13875,-0.341315
2026-01-26 00:00:00+00:00,-0.050998,-0.178357,-0.233953,0.0586,-0.581612,-0.135767,-0.408915,-0.19785,-0.52,-0.096134,-0.359096
2026-01-27 00:00:00+00:00,-0.171992,0.057053,-0.233962,0.051785,-0.615334,-0.104118,-0.425782,-0.178733,-0.532556,-0.064926,-0.395925
2026-01-28 00:00:00+00:00,-0.197823,0.174845,-0.238614,0.054775,-0.616204,-0.113631,-0.422127,-0.174357,-0.534827,-0.057565,-0.401919
2026-01-29 00:00:00+00:00,-0.184675,0.069176,-0.241409,0.053488,-0.666915,-0.175655,-0.459275,-0.262757,-0.58659,-0.138634,-0.427773
2026-01-30 00:00:00+00:00,-0.301796,0.063752,-0.242992,0.051182,-0.664849,-0.187857,-0.45855,-0.289845,-0.605676,-0.201232,-0.454773
2026-01-31 00:00:00+00:00,-0.412718,0.076455,-0.240602,0.024975,-0.726113,-0.288055,-0.513288,-0.363547,-0.667495,-0.26569,-0.512043
2026-02-01 00:00:00+00:00,-0.419275,0.062299,-0.240602,0.018064,-0.672421,-0.287671,-0.478808,-0.394615,-0.618093,-0.303433,-0.48584
2026-02-02 00:00:00+00:00,-0.405099,0.150906,-0.240602,0.013494,-0.65585,-0.252742,-0.474195,-0.371935,-0.59866,-0.27025,-0.474881
2026-02-03 00:00:00+00:00,-0.474674,0.133269,-0.240602,0.023275,-0.713072,-0.270359,-0.507042,-0.388504,-0.628642,-0.29426,-0.512806
2026-02-04 00:00:00+00:00,-0.40734,0.21845,-0.240602,0.013554,-0.68564,-0.290935,-0.460709,-0.403797,-0.578789,-0.30656,-0.474616
2026-02-05 00:00:00+00:00,-0.394576,0.151004,-0.240602,-0.037823,-0.660151,-0.438954,-0.515325,-0.570683,-0.592115,-0.490371,-0.480554
2026-02-06 00:00:00+00:00,-0.458365,0.129545,-0.240602,-0.018095,-0.700226,-0.325732,-0.571749,-0.449356,-0.625821,-0.36137,-0.519353
2026-02-07 00:00:00+00:00,-0.447064,0.099401,-0.240602,-0.003275,-0.722778,-0.328069,-0.582309,-0.453019,-0.642477,-0.361897,-0.527046
2026-02-08 00:00:00+00:00,-0.401907,0.13252,-0.240602,-0.004929,-0.707615,-0.344567,-0.572461,-0.473098,-0.63606,-0.374804,-0.511729
2026-02-09 00:00:00+00:00,-0.402578,0.098243,-0.240602,0.000259,-0.676546,-0.349952,-0.575305,-0.465306,-0.628196,-0.372758,-0.504645
2026-02-10 00:00:00+00:00,-0.429565,0.01886,-0.240602,-0.003254,-0.681659,-0.384726,-0.579272,-0.503679,-0.621029,-0.401786,-0.510425
2026-02-11 00:00:00+00:00,-0.457243,0.037513,-0.240602,-0.002354,-0.675833,-0.402415,-0.818169,-0.501595,-0.619007,-0.419431,-0.562171
2026-02-12 00:00:00+00:00,-0.531416,0.095716,-0.240602,0.003647,-0.685464,-0.381662,-0.817121,-0.537553,-0.677255,-0.350376,-0.590372
2026-02-13 00:00:00+00:00,-0.508801,0.11093,-0.240602,0.011721,-0.694142,-0.342183,-0.823764,-0.490698,-0.718446,-0.316076,-0.597151
2026-02-14 00:00:00+00:00,-0.53097,0.119547,-0.240602,0.012465,-0.749964,-0.193575,-0.856695,-0.422971,-0.749565,-0.237211,-0.625559
2026-02-15 00:00:00+00:00,-0.521825,0.083863,-0.240602,0.005241,-0.747786,-0.269077,-0.839167,-0.465993,-0.752679,-0.256715,-0.620412
2026-02-16 00:00:00+00:00,-0.52498,0.101682,-0.240602,0.019723,-0.743182,-0.28506,-0.835033,-0.428818,-0.762732,-0.246848,-0.621306
2026-02-17 00:00:00+00:00,-0.555724,0.045866,-0.240602,0.011425,-0.751517,-0.288625,-0.829291,-0.450212,-0.799479,-0.249921,-0.635323
2026-02-18 00:00:00+00:00,-0.556104,0.017733,-0.240602,-0.000771,-0.739157,-0.309697,-0.821728,-0.484568,-0.799513,-0.278768,-0.631421
2026-02-19 00:00:00+00:00,-0.559379,0.029172,-0.240602,0.021446,-0.727335,-0.311524,-0.813628,-0.488096,-0.800706,-0.263468,-0.62833
2026-02-20 00:00:00+00:00,-0.541265,0.076207,-0.240602,0.022885,-0.713927,-0.293927,-0.786498,-0.458589,-0.824773,-0.335206,-0.621413
2026-02-21 00:00:00+00:00,-0.540254,0.055327,-0.240928,0.036138,-0.710611,-0.31072,-0.789323,-0.424769,-0.834658,-0.28711,-0.623155
2026-02-22 00:00:00+00:00,-0.539103,0.031277,-0.243543,0.041155,-0.718603,-0.339594,-0.794152,-0.457483,-0.835482,-0.315945,-0.626177
2026-02-23 00:00:00+00:00,-0.577973,-0.059952,-0.252342,0.010651,-0.741143,-0.369849,-0.844706,-0.499042,-0.877961,-0.344449,-0.658825
2026-02-24 00:00:00+00:00,-0.555075,-0.032949,-0.252342,0.018109,-0.715613,-0.383883,-0.830868,-0.501434,-0.861035,-0.346283,-0.642987
2026-02-25 00:00:00+00:00,-0.577118,-0.003259,-0.252342,0.023149,-0.786908,-0.278989,-0.970799,-0.286506,-0.892022,-0.304904,-0.695838
2026-02-26 00:00:00+00:00,-0.602064,0.004774,-0.252342,0.024833,-0.794434,-0.318331,-0.996006,-0.330424,-0.915635,-0.343126,-0.712096
2026-02-27 00:00:00+00:00,-0.629002,-0.024719,-0.252342,0.014504,-0.793793,-0.355777,-0.985001,-0.365521,-0.931828,-0.357101,-0.718393
2026-02-28 00:00:00+00:00,-0.632636,0.119164,-0.252342,0.01093,-0.787023,-0.348382,-0.984628,-0.347067,-0.925163,-0.366402,-0.716359
2026-03-01 00:00:00+00:00,-0.591461,0.129612,-0.252342,0.00667,-0.814038,-0.371148,-1.003468,-0.363611,-0.953641,-0.351202,-0.72299
2026-03-02 00:00:00+00:00,-0.610844,0.170176,-0.252342,0.016297,-0.848144,-0.353186,-1.030178,-0.31528,-1.020449,-0.275546,-0.752391
2026-03-03 00:00:00+00:00,-0.613271,0.123817,-0.256623,0.006055,-0.851955,-0.391685,-1.020203,-0.319355,-1.029353,-0.366187,-0.754281
2026-03-04 00:00:00+00:00,-0.613807,0.151208,-0.253048,0.029606,-0.909601,-0.291696,-1.010016,-0.302987,-1.041673,-0.323417,-0.765629
2026-03-05 00:00:00+00:00,-0.613396,0.101122,-0.253048,0.02354,-0.9151,-0.345993,-0.983633,-0.304748,-1.047151,-0.315301,-0.762466
2026-03-06 00:00:00+00:00,-0.608058,0.116973,-0.253048,0.020839,-0.923038,-0.370584,-0.983691,-0.335502,-1.062967,-0.365236,-0.76616
2026-03-07 00:00:00+00:00,-0.601544,0.093406,-0.254393,0.028436,-0.918634,-0.385491,-0.981396,-0.355008,-1.063552,-0.38498,-0.763904
2026-03-08 00:00:00+00:00,-0.609844,0.106514,-0.254954,0.037372,-0.915569,-0.394393,-0.980994,-0.384981,-1.057823,-0.414963,-0.763837
2026-03-09 00:00:00+00:00,-0.64185,0.236089,-0.254954,0.024675,-0.915113,-0.379237,-0.981253,-0.330018,-1.058945,-0.404249,-0.770423
2026-03-10 00:00:00+00:00,-0.648758,0.221375,-0.253478,0.025341,-0.913612,-0.334556,-0.992253,-0.334425,-1.074971,-0.356782,-0.776615
2026-03-11 00:00:00+00:00,-0.643743,0.281549,-0.233854,0.045301,-0.916426,-0.351812,-0.992011,-0.319845,-1.08273,-0.369678,-0.773753
2026-03-12 00:00:00+00:00,-0.669472,0.310328,-0.241971,0.037267,-0.921323,-0.331776,-0.986269,-0.315226,-1.090947,-0.357339,-0.781997
2026-03-13 00:00:00+00:00,-0.676653,0.288368,-0.226506,0.052392,-0.928687,-0.318891,-0.98849,-0.29326,-1.104766,-0.351424,-0.785021
2026-03-14 00:00:00+00:00,-0.674778,0.325782,-0.22719,0.067223,-0.926253,-0.318057,-0.988607,-0.307506,-1.105939,-0.361581,-0.784553
2026-03-15 00:00:00+00:00,-0.67478,0.311202,-0.225142,0.07018,-0.927639,-0.303993,-0.985043,-0.276319,-1.100815,-0.314956,-0.782684
2026-03-16 00:00:00+00:00,-0.688523,0.40631,-0.235699,0.059528,-0.937926,-0.245949,-0.97527,-0.254928,-1.077542,-0.263873,-0.782992
2026-03-17 00:00:00+00:00,-0.684586,0.415186,-0.247858,0.097957,-0.931264,-0.273816,-0.980389,-0.303074,-1.080253,-0.285309,-0.78487
2026-03-18 00:00:00+00:00,-0.687277,0.437861,-0.236508,0.090327,-0.939931,-0.322957,-0.988729,-0.372624,-1.079079,-0.321848,-0.786305
2026-03-19 00:00:00+00:00,-0.6871,0.372508,-0.233299,0.087074,-0.930872,-0.340919,-0.981294,-0.400077,-1.085688,-0.353871,-0.783651
2026-03-20 00:00:00+00:00,-0.680012,0.377568,-0.249675,0.10705,-0.925271,-0.334074,-0.980006,-0.39309,-1.080507,-0.357188,-0.783094
2026-03-21 00:00:00+00:00,-0.680855,0.367626,-0.25839,0.114806,-0.930992,-0.364245,-0.98514,-0.426395,-1.085524,-0.383094,-0.78818
2026-03-22 00:00:00+00:00,-0.677986,0.347362,-0.256028,0.109547,-0.925467,-0.377499,-0.978086,-0.430415,-1.080134,-0.401933,-0.78354
2026-03-23 00:00:00+00:00,-0.683328,0.321255,-0.249344,0.10239,-0.93077,-0.333094,-0.973706,-0.396976,-1.08189,-0.364474,-0.783808
2026-03-24 00:00:00+00:00,-0.701395,0.40106,-0.245315,0.095116,-0.936561,-0.322678,-0.973574,-0.391397,-1.088001,-0.346239,-0.788969
2026-03-25 00:00:00+00:00,-0.701664,0.400738,-0.25125,0.123115,-0.938061,-0.311421,-0.969408,-0.36338,-1.086153,-0.343655,-0.789307
2026-03-26 00:00:00+00:00,-0.703147,0.371984,-0.248385,0.113824,-0.945281,-0.35428,-0.970369,-0.41249,-1.087136,-0.409416,-0.790864
2026-03-27 00:00:00+00:00,-0.70345,0.359443,-0.257172,0.113214,-0.942901,-0.375582,-0.972517,-0.45165,-1.095633,-0.471339,-0.794335
2026-03-28 00:00:00+00:00,-0.707206,0.38024,-0.274278,0.1297,-0.944397,-0.365921,-0.971845,-0.453127,-1.092327,-0.489996,-0.798011
2026-03-29 00:00:00+00:00,-0.703189,0.339087,-0.275016,0.146392,-0.93689,-0.37164,-0.957506,-0.461704,-1.081428,-0.504772,-0.790806
2026-03-30 00:00:00+00:00,-0.686737,0.312685,-0.270188,0.140888,-0.932696,-0.367437,-0.959726,-0.424115,-1.068733,-0.489355,-0.783616
2026-03-31 00:00:00+00:00,-0.689085,0.30617,-0.275354,0.120033,-0.919908,-0.350913,-0.9358,-0.406001,-1.05737,-0.475722,-0.775503
2026-04-01 00:00:00+00:00,-0.702861,0.290486,-0.280071,0.12709,-0.933965,-0.35243,-0.942829,-0.399223,-1.067128,-0.476741,-0.785371
2026-04-02 00:00:00+00:00,-0.710308,0.267253,-0.288962,0.126234,-0.943378,-0.371857,-1.027884,-0.509742,-1.096208,-0.515092,-0.813348
2026-04-03 00:00:00+00:00,-0.710308,0.279018,-0.288819,0.126234,-0.940521,-0.359129,-1.032854,-0.510373,-1.0957,-0.510107,-0.81364
2026-04-04 00:00:00+00:00,-0.710308,0.300337,-0.284356,0.133311,-0.937762,-0.353446,-1.028701,-0.524573,-1.092588,-0.513485,-0.810743
2026-04-05 00:00:00+00:00,-0.710119,0.31362,-0.280396,0.137471,-0.943273,-0.34986,-1.030708,-0.51753,-1.101579,-0.516873,-0.813215
2026-04-06 00:00:00+00:00,-0.717851,0.298557,-0.287346,0.130127,-0.953677,-0.369567,-1.029027,-0.534059,-1.116668,-0.529624,-0.820914
2026-04-07 00:00:00+00:00,-0.739566,0.362268,-0.284925,0.127187,-0.973322,-0.321186,-1.058972,-0.47265,-1.209593,-0.498949,-0.853276
2026-04-08 00:00:00+00:00,-0.700042,0.365817,-0.27863,0.134639,-0.987056,-0.348159,-1.077234,-0.523503,-1.220948,-0.539363,-0.852782
2026-04-09 00:00:00+00:00,-0.696469,0.384248,-0.27863,0.142381,-1.002776,-0.345993,-1.085943,-0.527353,-1.214547,-0.55449,-0.855673
2026-04-10 00:00:00+00:00,-0.68849,0.438111,-0.283986,0.138915,-1.007086,-0.334107,-1.089304,-0.508673,-1.21696,-0.520678,-0.857165
2026-04-11 00:00:00+00:00,-0.68774,0.454106,-0.287314,0.137598,-1.012381,-0.340728,-1.092438,-0.513732,-1.227993,-0.511165,-0.861573
2026-04-12 00:00:00+00:00,-0.698431,0.420514,-0.287314,0.144973,-1.018617,-0.364914,-1.100492,-0.555359,-1.249132,-0.560821,-0.870797
2026-04-13 00:00:00+00:00,-0.703164,0.505098,-0.294072,0.142325,-1.021345,-0.328452,-1.108461,-0.483409,-1.271828,-0.411088,-0.879774
2026-04-14 00:00:00+00:00,-0.715997,0.487549,-0.293373,0.153039,-1.038548,-0.341099,-1.109855,-0.515887,-1.285487,-0.442968,-0.888652
2026-04-15 00:00:00+00:00,-0.708201,0.513297,-0.291069,0.163763,-1.04265,-0.320109,-1.11545,-0.485835,-1.31593,-0.387518,-0.89466
2026-04-16 00:00:00+00:00,-0.703606,0.49465,-0.291362,0.163304,-1.086655,-0.274563,-1.165097,-0.42221,-1.389911,-0.293066,-0.927326
2026-04-17 00:00:00+00:00,-0.709614,0.5134,-0.291294,0.165537,-1.107608,-0.272647,-1.173836,-0.415499,-1.399275,-0.298525,-0.936326
2026-04-18 00:00:00+00:00,-0.709839,0.494614,-0.291703,0.170573,-1.11264,-0.319246,-1.168497,-0.445354,-1.389011,-0.417796,-0.934338
2026-04-19 00:00:00+00:00,-0.732123,0.424543,-0.294929,0.169176,-1.105769,-0.337719,-1.174147,-0.480609,-1.439928,-0.525423,-0.949379
2026-04-20 00:00:00+00:00,-0.722458,0.424175,-0.295568,0.168629,-1.098861,-0.314381,-1.163079,-0.4803,-1.47925,-0.521322,-0.951843
2026-04-21 00:00:00+00:00,-0.711219,0.40122,-0.289336,0.181378,-1.095706,-0.314591,-1.158707,-0.468225,-1.496497,-0.507632,-0.950293
2026-04-22 00:00:00+00:00,-0.709286,0.435858,-0.289336,0.171253,-1.107827,-0.309966,-1.170994,-0.45446,-1.517003,-0.484761,-0.958889
2026-04-23 00:00:00+00:00,-0.708318,0.439699,-0.291893,0.168673,-1.10528,-0.294061,-1.17396,-0.4614,-1.519799,-0.481354,-0.95985
2026-04-24 00:00:00+00:00,-0.708318,0.436236,-0.296674,0.151388,-1.108283,-0.280672,-1.174166,-0.473858,-1.53182,-0.481248,-0.963852
2026-04-25 00:00:00+00:00,-0.708318,0.444207,-0.299564,0.153432,-1.107455,-0.285042,-1.173953,-0.472012,-1.528105,-0.482946,-0.963479
2026-04-26 00:00:00+00:00,-0.708318,0.46721,-0.300648,0.15164,-1.108222,-0.272792,-1.17533,-0.464641,-1.526922,-0.458076,-0.963888
2026-04-27 00:00:00+00:00,-0.703587,0.448401,-0.293272,0.158327,-1.116636,-0.275515,-1.198042,-0.473787,-1.538764,-0.446046,-0.97006
2026-04-28 00:00:00+00:00,-0.699554,0.413186,-0.303836,0.150915,-1.113476,-0.271571,-1.195933,-0.476557,-1.528876,-0.458035,-0.968335
2026-04-29 00:00:00+00:00,-0.698055,0.407435,-0.303836,0.151442,-1.161072,-0.223827,-1.210303,-0.492293,-1.541918,-0.491016,-0.983037
2026-04-30 00:00:00+00:00,-0.694433,0.401575,-0.305949,0.162466,-1.187507,-0.200466,-1.211709,-0.494173,-1.539028,-0.495735,-0.987725
2026-05-01 00:00:00+00:00,-0.696321,0.438125,-0.305336,0.163507,-1.194004,-0.181678,-1.215745,-0.488834,-1.540656,-0.504571,-0.990413
2026-05-02 00:00:00+00:00,-0.69755,0.440652,-0.311191,0.172503,-1.193804,-0.181771,-1.215934,-0.471964,-1.540165,-0.490655,-0.991729
2026-05-03 00:00:00+00:00,-0.69755,0.447585,-0.287376,0.198733,-1.19803,-0.183799,-1.214602,-0.479031,-1.545246,-0.499984,-0.988561
2026-05-04 00:00:00+00:00,-0.699802,0.453964,-0.282931,0.204938,-1.228904,-0.166889,-1.237629,-0.466964,-1.546649,-0.502257,-0.999183
2026-05-05 00:00:00+00:00,-0.705413,0.499055,-0.291228,0.216656,-1.24013,-0.123909,-1.235787,-0.440978,-1.543747,-0.489022,-1.003261
2026-05-06 00:00:00+00:00,-0.712604,0.485619,-0.286062,0.221155,-1.243961,-0.144731,-1.253532,-0.406413,-1.553152,-0.4796,-1.009862
2026-05-07 00:00:00+00:00,-0.706132,0.472093,-0.28568,0.229246,-1.249221,-0.185749,-1.278274,-0.417934,-1.553399,-0.500071,-1.014541
2026-05-08 00:00:00+00:00,-0.707235,0.488909,-0.288144,0.232342,-1.259805,-0.170069,-1.274722,-0.337223,-1.563115,-0.46293,-1.018604
2026-05-09 00:00:00+00:00,-0.710338,0.481392,-0.290761,0.232456,-1.26144,-0.177194,-1.292239,-0.3108,-1.564444,-0.463556,-1.023844
2026-05-10 00:00:00+00:00,-0.69785,0.483396,-0.292962,0.233685,-1.299724,-0.142877,-1.389037,-0.262468,-1.614882,-0.397112,-1.058891
2026-05-11 00:00:00+00:00,-0.69576,0.460115,-0.292655,0.235426,-1.286559,-0.153106,-1.388022,-0.287024,-1.629371,-0.406419,-1.058473
2026-05-12 00:00:00+00:00,-0.697367,0.418396,-0.301937,0.229614,-1.28174,-0.163441,-1.397317,-0.320417,-1.635563,-0.451015,-1.062785
2026-05-13 00:00:00+00:00,-0.697144,0.38306,-0.30923,0.230817,-1.324215,-0.14083,-1.419944,-0.358153,-1.650834,-0.453809,-1.080274
2026-05-14 00:00:00+00:00,-0.776545,0.519687,-0.324884,0.242895,-1.327858,-0.116054,-1.430805,-0.328051,-1.661721,-0.433571,-1.104363
2026-05-15 00:00:00+00:00,-0.776975,0.520662,-0.324884,0.238456,-1.350896,-0.134251,-1.441492,-0.363171,-1.667361,-0.489318,-1.112322
2026-05-16 00:00:00+00:00,-0.836007,0.467298,-0.324884,0.246693,-1.357926,-0.169291,-1.462544,-0.395124,-1.664379,-0.520023,-1.129148
2026-05-17 00:00:00+00:00,-0.868076,0.560311,-0.325309,0.247031,-1.375242,-0.173133,-1.47703,-0.399717,-1.662397,-0.529248,-1.141611
2026-05-18 00:00:00+00:00,-0.826518,0.60495,-0.325309,0.248045,-1.416355,-0.211605,-1.500576,-0.378091,-1.684948,-0.525995,-1.150741
2026-05-19 00:00:00+00:00,-0.800677,0.611151,-0.325309,0.250155,-1.412035,-0.228698,-1.494413,-0.404622,-1.68652,-0.548918,-1.143791
2026-05-20 00:00:00+00:00,-0.875949,0.752003,-0.325309,0.258072,-1.410322,-0.221703,-1.499976,-0.357362,-1.691166,-0.541822,-1.160544
2026-05-21 00:00:00+00:00,-0.929206,0.821399,-0.325309,0.27551,-1.415936,-0.202697,-1.5221,-0.3593,-1.689013,-0.540572,-1.176313
2026-05-22 00:00:00+00:00,-0.990091,0.753554,-0.322126,0.266667,-1.427879,-0.234319,-1.542924,-0.416165,-1.699651,-0.563158,-1.196534
2026-05-23 00:00:00+00:00,-1.002088,0.82857,-0.322126,0.268794,-1.451865,-0.226987,-1.559113,-0.39793,-1.71977,-0.557352,-1.210992
2026-05-24 00:00:00+00:00,-0.995719,0.897788,-0.323874,0.276181,-1.451413,-0.234848,-1.547821,-0.420749,-1.719816,-0.569936,-1.207728
2026-05-25 00:00:00+00:00,-0.965766,0.871575,-0.34305,0.29298,-1.451982,-0.236218,-1.544304,-0.437894,-1.722325,-0.560699,-1.205485
2026-05-26 00:00:00+00:00,-1.003909,0.845915,-0.342075,0.303529,-1.461069,-0.246896,-1.553941,-0.460751,-1.729588,-0.567418,-1.218116
2026-05-27 00:00:00+00:00,-1.051507,0.815165,-0.342075,0.283052,-1.469937,-0.252441,-1.601786,-0.509381,-1.727444,-0.596926,-1.23855
2026-05-28 00:00:00+00:00,-1.073542,0.881092,-0.353954,0.242165,-1.491116,-0.261602,-1.621726,-0.522645,-1.751979,-0.626249,-1.258463
2026-05-29 00:00:00+00:00,-1.105089,0.928045,-0.336667,0.21745,-1.500549,-0.260195,-1.642516,-0.533465,-1.774841,-0.605697,-1.271932
2026-05-30 00:00:00+00:00,-1.067468,0.987959,-0.336667,0.22858,-1.508925,-0.251063,-1.654894,-0.521533,-1.77721,-0.601937,-1.269033
2026-05-31 00:00:00+00:00,-1.070287,1.043447,-0.334465,0.238152,-1.511222,-0.252853,-1.668528,-0.531032,-1.780016,-0.609551,-1.272903
