rule,fee,delay,gross_bps_day,gross_t,net_bps_day,sharpe,sharpe_low,sharpe_high,max_drawdown,turnover_day,breakeven_bps
median,taker,0,41.88989,3.213002,-232.348568,-24.507316,-29.700439,-20.525736,4.228744,54.846154,0.763631
median,taker,1,39.994568,2.589065,-234.243306,-24.811826,-29.794236,-20.997159,4.263228,54.846154,0.729084
median,maker,0,41.88989,3.213002,-67.810106,-6.894822,-9.443976,-4.727649,1.234144,54.846154,0.763631
median,maker,1,39.994568,2.589065,-69.704845,-7.155276,-9.948075,-4.621745,1.268628,54.846154,0.729084
outer30,taker,0,30.341252,2.457908,-184.591525,-21.390484,-26.075968,-17.882396,3.359566,42.988462,0.706022
outer30,taker,1,28.414469,1.986982,-186.52009,-21.604024,-26.09706,-18.286349,3.394666,42.988462,0.661159
outer30,maker,0,30.341252,2.457908,-55.62614,-6.297839,-8.986189,-4.013484,1.012861,42.988462,0.706022
outer30,maker,1,28.414469,1.986982,-57.554705,-6.536853,-9.405155,-3.940278,1.047496,42.988462,0.661159
outer10,taker,0,12.069734,1.252226,-69.939748,-10.19892,-12.713869,-8.114534,1.272903,16.411538,0.73838
outer10,taker,1,9.19185,0.918959,-72.820733,-10.950482,-13.613713,-8.709603,1.325337,16.411538,0.562833
outer10,maker,0,12.069734,1.252226,-20.705132,-3.075169,-5.480171,-0.82855,0.388546,16.411538,0.73838
outer10,maker,1,9.19185,0.918959,-23.586118,-3.625279,-6.232751,-1.193403,0.432777,16.411538,0.562833
